event_id,event_date,disaster_type,date_is_exact,population_affected,total_deaths,financial_damage
1,2000-09-18,Flood,1.0,100000.0,2.0,
2,2000-11-18,Flood,1.0,300000.0,3.0,5609000.0
3,2000-12-24,Storm,1.0,375000.0,5.0,
4,2001-09-01,Drought,0.0,1000000.0,,
5,2002-12-16,Flood,1.0,500000.0,2.0,
6,2003-05-17,Flood,1.0,695000.0,235.0,50753000.0
7,2004-12-11,Flood,1.0,200000.0,6.0,
8,2004-12-26,Other,1.0,1019306.0,35399.0,2243914000.0
9,2005-11-21,Flood,1.0,145000.0,6.0,
10,2006-10-26,Flood,1.0,333002.0,25.0,4791000.0
11,2007-01-12,Flood,1.0,35000.0,18.0,
12,2007-05-02,Flood,1.0,121000.0,15.0,78000.0
13,2007-12-16,Flood,1.0,250000.0,,
14,2008-03-12,Flood,1.0,54323.0,8.0,
15,2008-04-27,Storm,1.0,50000.0,9.0,
16,2008-05-29,Flood,1.0,362582.0,25.0,
17,2008-11-22,Flood,1.0,360000.0,15.0,
18,2009-08-15,Flood,1.0,20000.0,,
19,2009-11-21,Flood,1.0,60000.0,,
20,2009-12-14,Flood,1.0,300000.0,3.0,
21,2010-05-14,Flood,1.0,606072.0,28.0,155025000.0
22,2010-11-10,Flood,1.0,164193.0,7.0,
23,2011-01-05,Flood,1.0,1060324.0,47.0,286249000.0
24,2011-02-01,Flood,1.0,225000.0,18.0,429373000.0
25,2011-05-29,Flood,1.0,8600.0,,
26,2011-11-24,Storm,1.0,35041.0,22.0,
27,2012-01-01,Drought,0.0,1800000.0,,
28,2012-10-29,Storm,1.0,69000.0,,79927000.0
29,2012-12-17,Flood,1.0,447021.0,53.0,1683000.0
30,2013-01-08,Flood,1.0,56747.0,52.0,
31,2013-05-13,Storm,1.0,7339.0,7.0,
32,2013-06-08,Flood,1.0,17214.0,58.0,2764000.0
33,2014-01-01,Drought,0.0,1800000.0,,33998000.0
34,2014-06-04,Flood,1.0,104009.0,27.0,2720000.0
35,2014-10-29,Other,1.0,1067.0,196.0,
36,2014-12-01,Flood,1.0,1100020.0,41.0,
37,2015-09-15,Flood,1.0,7309.0,8.0,
38,2015-11-15,Flood,1.0,20000.0,2.0,
39,2016-05-14,Flood,1.0,301602.0,203.0,1609667000.0
40,2016-10-01,Drought,0.0,900000.0,,26828000.0
41,2017-05-25,Flood,1.0,879932.0,293.0,510917000.0
42,2017-11-03,Flood,1.0,13197.0,9.0,
43,2017-11-29,Storm,1.0,160077.0,27.0,454440000.0
44,2018-05-19,Flood,1.0,153712.0,20.0,
45,2018-10-06,Flood,1.0,75000.0,12.0,
46,2018-12-22,Flood,1.0,75000.0,2.0,
47,2019-08-01,Drought,0.0,222091.0,,
48,2019-09-23,Flood,1.0,136607.0,1.0,
49,2019-10-24,Flood,1.0,8200.0,5.0,
50,2019-11-29,Flood,1.0,155009.0,12.0,
51,2019-12-02,Flood,1.0,167436.0,9.0,
52,2019-12-18,Flood,1.0,65322.0,3.0,
53,2020-05-17,Storm,1.0,1100.0,4.0,
54,2020-09-01,Flood,1.0,40000.0,3.0,
55,2020-12-02,Flood,1.0,111665.0,3.0,
56,2021-01-01,Flood,1.0,50190.0,,
57,2021-05-13,Flood,1.0,43704.0,5.0,
58,2021-10-25,Flood,1.0,6000.0,4.0,
59,2021-11-06,Flood,1.0,230004.0,26.0,
60,2022-05-29,Storm,1.0,22338.0,1.0,
61,2022-08-01,Flood,1.0,82391.0,8.0,
62,2022-09-02,Flood,1.0,5478.0,1.0,
63,2022-10-14,Flood,1.0,61469.0,3.0,
64,2022-12-06,Storm,1.0,6500.0,2.0,
65,2023-07-04,Storm,1.0,6631.0,,
66,2023-09-28,Flood,1.0,244504.0,,
67,2023-11-01,Storm,1.0,34800.0,8.0,
68,2023-12-01,Storm,1.0,2003.0,1.0,
69,2024-01-01,Flood,1.0,175000.0,2.0,
70,2024-05-15,Flood,1.0,235902.0,40.0,
71,2024-10-11,Storm,1.0,155761.0,3.0,
72,2024-11-25,Storm,1.0,441392.0,17.0,
73,2025-11-20,Other,1.0,3007.0,31.0,
74,2025-11-27,Storm,1.0,1702737.0,823.0,4100000000.0
