horizon,info_set,k,model,n,RMSE,MAE,R2,skill_vs_zero,skill_vs_train_mean,skill_vs_market_only,bootstrap_delta,CI_low,CI_high,Holm_p,significant_single_test,significant_after_adjustment,verdict
1,market_only,5,ridge,40,1.5207413952744304,0.8240911963213289,-0.27680902362434456,-0.06047669154382018,-0.034056688969238635,-0.1064454054292463,,,,,,,
1,market_only,5,elastic_net,40,1.5118238343419894,0.8125083431161887,-0.2618786235778834,-0.05425810267416642,-0.027993025837468988,-0.09995725803482736,,,,,,,
1,market_only,5,random_forest,40,1.3831803148130382,0.8032154204468072,-0.05626479891505287,0.03545041344996813,0.05948055269127972,-0.006360127343603139,,,,,,,
1,market_only,5,xgboost,40,1.696633071712217,0.991049007141865,-0.5892457702465104,-0.18313332710228036,-0.15365753965936135,-0.23441886485672292,,,,,,,
1,market_only,5,mlp,40,1.652430484939297,0.9163661435404166,-0.5075148700157819,-0.1523090113282195,-0.12360116014321587,-0.20225840076009116,,,,,,,
1,market_only,10,ridge,40,1.4873381701801731,0.8072935021263463,-0.2213345835688858,-0.03718322314417888,-0.011343538364412264,-0.08214222998672449,,,,,,,
1,market_only,10,elastic_net,40,1.515557122957788,0.8480346872611696,-0.26811846924936567,-0.0568614812447521,-0.03053154558646476,-0.10267348582275204,,,,,,,
1,market_only,10,random_forest,40,1.395902671436576,0.7886533427954561,-0.07578500005445665,0.026578581130091483,0.05082974723092892,-0.01561652890937082,,,,,,,
1,market_only,10,xgboost,40,1.7320499698034295,0.9591207818085346,-0.6562887130252693,-0.20783101405235893,-0.17773992505872216,-0.2601871278167158,,,,,,,
1,market_only,10,mlp,40,1.4891967965773971,0.8343541846544322,-0.2243889300227595,-0.038479321204420325,-0.012607346309876588,-0.0834945102915865,,,,,,,
1,market_only,20,ridge,40,1.4763655218226643,0.8560972574746893,-0.20338057407909815,-0.02953153570816691,-0.003882479919467663,-0.07415886319058007,,,,,,,
1,market_only,20,elastic_net,40,1.4977824309961603,0.8938422601466511,-0.23854751338398517,-0.044466443808899525,-0.018445309771221385,-0.089741158002272,,,,,,,
1,market_only,20,random_forest,40,1.362348065171046,0.7828176836266663,-0.024687330001663232,0.049977613963088974,0.07364583230786548,0.008796786890968411,,,,,,,
1,market_only,20,xgboost,40,1.5086666323673248,0.8304528223547797,-0.2566136639803318,-0.05205645345554699,-0.025846227025735802,-0.09766017344849676,,,,,,,
1,market_only,20,mlp,40,1.6292784030765954,0.9637341815287982,-0.4655674446139586,-0.1361640946103586,-0.10785846701466473,-0.18541364682447203,,,,,,,
1,disaster_only,5,ridge,40,1.4514099680423405,0.887121233870554,-0.1630420327233859,-0.0121289824595745,0.013086517829698496,-0.05600195767989713,,,,,,,
1,disaster_only,5,elastic_net,40,1.4784161654586763,0.9245701514484173,-0.20672584119201476,-0.03096153543422875,-0.005276853594768038,-0.07565084942590472,,,,,,,
1,disaster_only,5,random_forest,40,1.386101478317842,0.8939728766193428,-0.060730999502135896,0.03341336374601511,0.05749425267268249,-0.008485477484291959,,,,,,,
1,disaster_only,5,xgboost,40,1.3386991779347301,0.9764251888868788,0.010578823907758328,0.06646897388331752,0.08972633758600235,0.02600300137782674,,,,,,,
1,disaster_only,5,mlp,40,1.410566095579114,0.8650948607204352,-0.09850513036270536,0.01635316110160845,0.04085907643515696,-0.02628519244466143,,,,,,,
1,disaster_only,10,ridge,40,1.459596803955331,0.9064874292157861,-0.17619956698230022,-0.017838006156962516,0.007519724906438929,-0.06195845166965741,,,,,,,
1,disaster_only,10,elastic_net,40,1.4706557304806234,0.9009941089240112,-0.19409050992269195,-0.02554985897428641,0.0,-0.07000459184898822,,,,,,,
1,disaster_only,10,random_forest,40,1.4016181431626618,0.9137182607137857,-0.08461255877036034,0.022592943226417694,0.0469434048275863,-0.019774933126444738,,,,,,,
1,disaster_only,10,xgboost,40,1.41273968040154,1.0523029997967572,-0.10189317963163935,0.014837429335222141,0.039381106589885584,-0.02786662696571618,,,,,,,
1,disaster_only,10,mlp,40,1.4082223983008713,0.8874944878150991,-0.09485776547062463,0.017987519410874175,0.04245271744145607,-0.02457998925016258,,,,,,,
1,disaster_only,20,ridge,40,1.432538042376969,0.8732218058280867,-0.13299380569099695,0.0010312020102264396,0.025918838320643012,-0.04227131583050858,,,,,,,
1,disaster_only,20,elastic_net,40,1.4706557304806234,0.9009941089240112,-0.19409050992269195,-0.02554985897428641,0.0,-0.07000459184898822,,,,,,,
1,disaster_only,20,random_forest,40,1.3946695196233938,0.8934671134312218,-0.07388512510878553,0.0274385095565014,0.0516682519792695,-0.01471932497835926,,,,,,,
1,disaster_only,20,xgboost,40,1.373357250101875,1.0059188864370905,-0.04131531748646178,0.042300448043677275,0.0661599301333089,0.0007868371900606741,,,,,,,
1,disaster_only,20,mlp,40,1.420832735983326,0.8968520884234851,-0.11455400582818531,0.009193802592028288,0.0338780813651165,-0.033754889225279916,,,,,,,
1,combined,5,ridge,40,1.432205773961896,0.7878921723786317,-0.1324682847115879,0.0012629066975690106,0.02614477047334629,-0.042029567389669786,,,,,,,
1,combined,5,elastic_net,40,1.4361749883723756,0.8341232446225961,-0.13875402695679173,-0.0015049928145591807,0.023445828546820535,-0.04491744764418604,,,,,,,
1,combined,5,random_forest,40,1.508196234412483,0.8762177954613278,-0.2558301690293463,-0.051728425252718147,-0.025526371096783462,-0.09731792613578794,,,,,,,
1,combined,5,xgboost,40,1.671691310833546,0.9382721753821854,-0.5428630486596273,-0.16574039222191117,-0.1366979206528658,-0.21627199464376323,,,,,,,
1,combined,5,mlp,40,1.6139639443328404,0.8945340081966758,-0.4381456254846743,-0.12548468087714393,-0.09744511300777559,-0.17427131022055153,,,,,,,
1,combined,10,ridge,40,1.5098964546901406,0.8262102959144972,-0.2586632107653044,-0.052914060088824044,-0.026682467824534983,-0.09855495494310351,,,,,,,
1,combined,10,elastic_net,40,1.5159234532746055,0.8731137097790083,-0.2687315855450838,-0.05711693872332013,-0.030780638769338786,-0.10294001667222563,,,,,,,
1,combined,10,random_forest,40,1.4693551802062366,0.8320673204947571,-0.1919794950409901,-0.024642930776991312,0.0008843335985654344,-0.06905835083779688,,,,,,,
1,combined,10,xgboost,40,1.7207956378982043,0.9915025190247617,-0.6348345248174914,-0.19998289687643678,-0.1700873305922066,-0.25199881659798606,,,,,,,
1,combined,10,mlp,40,1.6005373493765183,0.8843970780999768,-0.41431723544920396,-0.11612175366136324,-0.08831544745924225,-0.16450252616157535,,,,,,,
1,combined,20,ridge,40,1.4249128654003735,0.8156588651372025,-0.12096440715462786,0.006348557398659693,0.03110372069559786,-0.03672346788110992,,,,,,,
1,combined,20,elastic_net,40,1.491273355398098,0.8911398042968568,-0.22780592406924627,-0.03992739267457024,-0.014019341501995575,-0.08500535163082246,,,,,,,
1,combined,20,random_forest,40,1.3886639891399988,0.8052458859396076,-0.06465660991448852,0.031626417584642574,0.055751825285329626,-0.01034988278972282,,,,,,,
1,combined,20,xgboost,40,1.5080967752166563,0.8404058486299798,-0.2556645410594376,-0.05165906818828758,-0.025458741947578023,-0.09724556263559503,,,,,,,
1,combined,20,mlp,40,1.6923577092388982,0.9773903558296453,-0.5812463495726388,-0.18015193771882276,-0.15075042660447835,-0.23130824053897392,,,,,,,
1,normal_plus_residual,5,ridge,40,1.4130323016481776,0.8754691606740511,-0.10234969791825366,0.014633372279581947,0.03918213327439579,-0.028079529326945574,,,,,,,
1,normal_plus_residual,5,elastic_net,40,1.4214143134966517,0.8730017771390639,-0.11546661459879126,0.008788244224823605,0.033482626806124904,-0.03417802741926845,,,,,,,
1,normal_plus_residual,5,random_forest,40,1.3595313077431972,0.8777958209961223,-0.02045447364917674,0.051941856935134534,0.07556113945247389,0.010846174330500613,,,,,,,
1,normal_plus_residual,5,xgboost,40,1.27107271963419,0.9137057121516765,0.1080181791026642,0.1136277366961369,0.13571021872073885,0.07520596534303292,,,,,,,
1,normal_plus_residual,5,mlp,40,1.38065571482895,0.845065155717899,-0.05241249930350289,0.03721092279555238,0.06119720189188027,-0.004523304816366647,,,,,,,
1,normal_plus_residual,10,ridge,40,1.409523720429787,0.875862912115309,-0.09688219136149123,0.01708005296707671,0.04156785900589932,-0.025526791839344698,,,,,,,
1,normal_plus_residual,10,elastic_net,40,1.4019713932934574,0.8515300169313544,-0.08515933795053532,0.022346607109601346,0.046703205762996136,-0.020031947228514202,,,,,,,
1,normal_plus_residual,10,random_forest,40,1.3603956444193634,0.9009114578910207,-0.021752415959982896,0.05133911875652708,0.07497341748719533,0.010217309128922047,,,,,,,
1,normal_plus_residual,10,xgboost,40,1.2638374681131483,0.9062192455868437,0.11814402742660912,0.11867318072716304,0.14062996395484417,0.08047011533425275,,,,,,,
1,normal_plus_residual,10,mlp,40,1.3503994065764866,0.852084296375704,-0.0067918345186133156,0.05830991423065579,0.0817705472543434,0.017490269191164032,,,,,,,
1,normal_plus_residual,20,ridge,40,1.395939080949667,0.8653869860083612,-0.0758411204698215,0.026553191251113106,0.05080498989830762,-0.0156430193689574,,,,,,,
1,normal_plus_residual,20,elastic_net,40,1.4010399702998662,0.8547196457344114,-0.08371792964196434,0.02299612738815826,0.047336544330470964,-0.019354272053121013,,,,,,,
1,normal_plus_residual,20,random_forest,40,1.3474473381853158,0.8687960962713259,-0.002394809895388761,0.06036851520673758,0.08377786163117995,0.019638104791663613,,,,,,,
1,normal_plus_residual,20,xgboost,40,1.2651219960458888,0.8857247411989077,0.11635053053370537,0.11777742558000837,0.1397565250485675,0.0795355316938372,,,,,,,
1,normal_plus_residual,20,mlp,40,1.3541930864936944,0.8502037455553003,-0.012456545171799949,0.055664422275298886,0.079190963305102,0.014730102520415622,,,,,,,
1,real_time,5,ridge,40,1.546803512930228,0.8420039207202146,-0.3209473476127189,-0.07865089814602721,-0.051778115619703025,-0.12540741331935834,,,,,,,
1,real_time,5,elastic_net,40,1.4394197761132292,0.8400013642410962,-0.1439054733454801,-0.0037677192576448526,0.02123947414748517,-0.047278256982721256,,,,,,,
1,real_time,5,random_forest,40,1.3810289907523807,0.7983718916701704,-0.05298163952824453,0.03695062185448317,0.060943385913269976,-0.004794889078964193,,,,,,,
1,real_time,5,xgboost,40,1.66964367890546,0.9713583758559075,-0.5390856996017896,-0.1643124926859718,-0.13530559484496463,-0.21478219963595913,,,,,,,
1,real_time,5,mlp,40,1.5619850045362378,0.8500778524822973,-0.34700413268112706,-0.08923758832298279,-0.06210105612260941,-0.1364530070588521,,,,,,,
1,real_time,10,ridge,40,1.4897825757317673,0.8179519107258122,-0.22535235214951155,-0.038887809551967134,-0.013005657853652153,-0.08392070547241293,,,,,,,
1,real_time,10,elastic_net,40,1.5238673364930002,0.8504030358851231,-0.28206347652390806,-0.06265654132743914,-0.03618223144242383,-0.10871974563572451,,,,,,,
1,real_time,10,random_forest,40,1.3934544106653255,0.8046157926032624,-0.07201469060936283,0.028285855944073734,0.0524944881492202,-0.013835248482560347,,,,,,,
1,real_time,10,xgboost,40,1.621473686809139,0.9151972619876816,-0.45156008825860394,-0.13072153895200045,-0.10255150352504794,-0.17973517152180718,,,,,,,
1,real_time,10,mlp,40,1.4924523910440197,0.8840942426239231,-0.22974815579946206,-0.040749583630169006,-0.014821048945474757,-0.0858631822766649,,,,,,,
1,real_time,20,ridge,40,1.4625295792298951,0.7789055287273305,-0.18093100319361932,-0.019883153234483864,0.005525529246788841,-0.06409225018252829,,,,,,,
1,real_time,20,elastic_net,40,1.495626852251551,0.8882429158981457,-0.2349850927188466,-0.04296326843500031,-0.01697958349692552,-0.08817282415838168,,,,,,,
1,real_time,20,random_forest,40,1.3601897245785939,0.7783154157924927,-0.021443118922964022,0.051482715289205894,0.0751134365525018,0.010367130171746397,,,,,,,
1,real_time,20,xgboost,40,1.504148863097558,0.8288467977039724,-0.24909896149608923,-0.04890602365647112,-0.02277428491438216,-0.09437318128345429,,,,,,,
1,real_time,20,mlp,40,1.6220637178421837,0.9254491983850841,-0.45261668428372537,-0.13113299231269382,-0.10295270621362818,-0.1801644602408501,,,,,,,
1,ex_post,5,ridge,40,1.4495385734330266,0.8831710667061661,-0.1600447990237419,-0.010823980590075388,0.014359007760909148,-0.05464038761042023,,,,,,,
1,ex_post,5,elastic_net,40,1.4747158043254809,0.9046257404757021,-0.2006927182749496,-0.028381118576870534,-0.002760723506330498,-0.07295857867758726,,,,,,,
1,ex_post,5,random_forest,40,1.4049506574818993,0.9224857597924665,-0.08977628162516038,0.020269041364622375,0.044677399092751036,-0.02219956966787473,,,,,,,
1,ex_post,5,xgboost,40,1.2820325861651842,0.9283154206080575,0.09256957651315767,0.1059849625632916,0.12825785151892444,0.06723189821694675,,,,,,,
1,ex_post,5,mlp,40,1.4275842259771012,0.8670382996944364,-0.1251714112079545,0.004485705742795054,0.029287278872157207,-0.03866706897301797,,,,,,,
1,ex_post,10,ridge,40,1.442901444366369,0.8787017161851498,-0.14944592250911448,-0.006195632406860163,0.018872048392443275,-0.049811413411477545,,,,,,,
1,ex_post,10,elastic_net,40,1.4706557304806234,0.9009941089240112,-0.19409050992269195,-0.02554985897428641,0.0,-0.07000459184898822,,,,,,,
1,ex_post,10,random_forest,40,1.38861365569086,0.8921635522338194,-0.0645794323271478,0.03166151720761767,0.05578605045992058,-0.01031326169575375,,,,,,,
1,ex_post,10,xgboost,40,1.3637776140327256,0.9783975628571321,-0.026838922817311373,0.04898072964604139,0.07267378369577293,0.0077566904125290215,,,,,,,
1,ex_post,10,mlp,40,1.4288611566446794,0.8542862018128758,-0.12718517463681178,0.0035952484869513635,0.02841900586909296,-0.03959612507327548,,,,,,,
1,ex_post,20,ridge,40,1.4390830068426341,0.8848423629024158,-0.14337027554777615,-0.003532875935168045,0.021468466741479286,-0.04703323385564806,,,,,,,
1,ex_post,20,elastic_net,40,1.4706557304806234,0.9009941089240112,-0.19409050992269195,-0.02554985897428641,0.0,-0.07000459184898822,,,,,,,
1,ex_post,20,random_forest,40,1.4154527021349517,0.9137695205494782,-0.1061293891210815,0.012945525609266317,0.03753633648007537,-0.029840539454118797,,,,,,,
1,ex_post,20,xgboost,40,1.4026114951018587,1.0528258289347152,-0.08615047233241646,0.021900237299366743,0.04626795650979931,-0.020497665928033593,,,,,,,
1,ex_post,20,mlp,40,1.4491746716567657,0.8942116084232609,-0.15946242145624057,-0.010570216634589347,0.014606449611995531,-0.05437562369354221,,,,,,,
5,market_only,5,ridge,40,2.820174112399227,1.9954875260465017,-0.05726759998979092,0.017035722638167994,-0.006685261082360672,0.018091748715978295,,,,,,,
5,market_only,5,elastic_net,40,2.818973809659574,1.9688189940491447,-0.05636781785859113,0.017454085004488307,-0.006256802757205193,0.018509661623880902,,,,,,,
5,market_only,5,random_forest,40,3.028183384188025,2.208573211215155,-0.2189823693984705,-0.055465362535785934,-0.0809359490656334,-0.054331446509809256,,,,,,,
5,market_only,5,xgboost,40,3.3972417013827543,2.339077486976837,-0.5342141112089873,-0.18409966935773903,-0.21267447072865298,-0.18282755789004201,,,,,,,
5,market_only,5,mlp,40,3.1687013211749426,2.341144325827457,-0.33473697009704506,-0.10444252028623913,-0.13109502806025852,-0.10325598672675418,,,,,,,
5,market_only,10,ridge,40,2.776397026364989,1.9354297575147323,-0.024698784897844384,0.03229411095875401,0.008941344058805534,0.03333374452226556,,,,,,,
5,market_only,10,elastic_net,40,2.7931604580820393,1.9416625150655087,-0.03711006852969834,0.026451260876765192,0.002957493784980225,0.027497171577907653,,,,,,,
5,market_only,10,random_forest,40,2.88419842274829,2.147691751704122,-0.10581722382666392,-0.005279782521304677,-0.02953928605053302,-0.004199782270749131,,,,,,,
5,market_only,10,xgboost,40,3.2564042846831134,2.3143171722455116,-0.40964486955681867,-0.13501115779279327,-0.16240135071911332,-0.13379178348912912,,,,,,,
5,market_only,10,mlp,40,2.8098735815409714,2.0367971842801333,-0.049558480779209324,0.0206259456059672,-0.003008398525988998,0.021678114606601406,,,,,,,
5,market_only,20,ridge,40,2.8023280298563087,1.9394989377152174,-0.04392914256140923,0.023255927821037248,-0.0003149493398948433,0.024305271358053604,,,,,,,
5,market_only,20,elastic_net,40,2.8078332720828527,1.9111575354177994,-0.048034820325394634,0.02133709010703777,-0.0022800926208659256,0.02238849510519947,,,,,,,
5,market_only,20,random_forest,40,2.8227555374717785,2.050090939997028,-0.059204009647220834,0.016135973711373652,-0.007606722832435242,0.017192966414678046,,,,,,,
5,market_only,20,xgboost,40,3.0758929761145852,2.0766454970491153,-0.2576955398619638,-0.07209441545316864,-0.09796629580683591,-0.07094263436949388,,,,,,,
5,market_only,20,mlp,40,3.064127107823664,2.262198160949456,-0.24809209926658782,-0.06799345297313186,-0.09376636852566889,-0.06684607766840855,,,,,,,
5,disaster_only,5,ridge,40,2.782716438231116,1.9310031388103108,-0.02936876768355834,0.030091496555966435,0.006685575964073598,0.031133496449874953,,,,,,,
5,disaster_only,5,elastic_net,40,2.7777041862632865,1.9293139653191929,-0.025663892164480284,0.03183850381053677,0.008474742157274506,0.032878626845579295,,,,,,,
5,disaster_only,5,random_forest,40,2.690175348258353,1.929096047433363,0.03795750187264457,0.062346450330422076,0.03971890922902688,0.06335379782331374,,,,,,,
5,disaster_only,5,xgboost,40,2.7574809414879047,1.9754712033838728,-0.010783442017632039,0.03888726264395259,0.015693602282658148,0.039919812999788196,,,,,,,
5,disaster_only,5,mlp,40,2.6779378824418205,1.8868596861399123,0.04669015560123646,0.06661178688897029,0.04408717727898137,0.06761455201123034,,,,,,,
5,disaster_only,10,ridge,40,2.7682578081342526,1.9205318026568627,-0.01869962705482453,0.035131014088702894,0.011846707594195371,0.036167599887657276,,,,,,,
5,disaster_only,10,elastic_net,40,2.7763691111773814,1.9292564640563143,-0.02467817940464756,0.03230384072405246,0.008951308623688758,0.03334346383460429,,,,,,,
5,disaster_only,10,random_forest,40,2.7304468404153748,1.9657459490732232,0.008938669077709571,0.048309927545403974,0.025343655794132225,0.04933235486819809,,,,,,,
5,disaster_only,10,xgboost,40,2.864586871858815,2.166534494749981,-0.09083000293783638,0.0015557720152971077,-0.022538775287527013,0.0026284286379985033,,,,,,,
5,disaster_only,10,mlp,40,2.7942328065257414,2.0858661383246964,-0.03790655471180493,0.026077496644121068,0.002574709839736178,0.02712380889065602,,,,,,,
5,disaster_only,20,ridge,40,2.7437126445099085,1.9142362015624463,-0.0007148154662921513,0.04368616638183764,0.02060831360385451,0.04471356114086378,,,,,,,
5,disaster_only,20,elastic_net,40,2.7763691111773814,1.9292564640563143,-0.02467817940464756,0.03230384072405246,0.008951308623688758,0.03334346383460429,,,,,,,
5,disaster_only,20,random_forest,40,2.737669717464572,1.9687258975196333,0.003688405997191224,0.04579241272675427,0.02276538807794115,0.0468175446862894,,,,,,,
5,disaster_only,20,xgboost,40,3.0068478498265647,2.3170356319357466,-0.20186582359222927,-0.04802891808948928,-0.07332004766274935,-0.04690299124424091,,,,,,,
5,disaster_only,20,mlp,40,2.7460040107129817,2.0471659161476965,-0.002386974242742701,0.042887516711920926,0.019790390847158612,0.04391576948267539,,,,,,,
5,combined,5,ridge,40,2.7693412175453678,1.928887232004604,-0.01949715735023383,0.034753394584927766,0.01145997534206522,0.03579038607110052,,,,,,,
5,combined,5,elastic_net,40,2.8031418741222938,1.9742748606185536,-0.04453558057032536,0.02297226454036183,-0.0006054580087679895,0.02402191282479238,,,,,,,
5,combined,5,random_forest,40,2.7953124501292277,2.0002641812102384,-0.03870876822425284,0.025701189702700966,0.002189321824835555,0.02674790622633183,,,,,,,
5,combined,5,xgboost,40,2.9849424264653366,2.077594606419814,-0.18441799705173856,-0.040393840329607134,-0.06550071950901448,-0.039276116062424205,,,,,,,
5,combined,5,mlp,40,2.8295093547637484,2.0362713577319256,-0.06427864562892305,0.013781948438732927,-0.010017555657960697,0.014841470137376134,,,,,,,
5,combined,10,ridge,40,3.021594044588482,2.1365236252747764,-0.2136831198927409,-0.05316866553070443,-0.0785838279586557,-0.05203721691070151,,,,,,,
5,combined,10,elastic_net,40,3.037247948026322,2.138459691233937,-0.22629109542488157,-0.05862479244606633,-0.08417162262707545,-0.05748748215597099,,,,,,,
5,combined,10,random_forest,40,2.8099007904201287,2.014383515279708,-0.04957880727953601,0.020616462022623572,-0.0030181109680320617,0.021668641211737172,,,,,,,
5,combined,10,xgboost,40,3.0778671541456366,2.1648942663108106,-0.25931049312558296,-0.07278251001908354,-0.09867099553366288,-0.07162998969612788,,,,,,,
5,combined,10,mlp,40,3.0359760095214194,2.1653633344734917,-0.22526421827185295,-0.05818146162197868,-0.0837175933030494,-0.05704462761461526,,,,,,,
5,combined,20,ridge,40,2.7731337983738706,1.9780632785112295,-0.02229144859184662,0.03343150050149679,0.010106181189877383,0.03446991213553896,,,,,,,
5,combined,20,elastic_net,40,2.8053527903223596,1.9591558458992764,-0.04618393907434881,0.022201655507624984,-0.0013946634490664689,0.023252131678941246,,,,,,,
5,combined,20,random_forest,40,2.7428788053759185,2.0251658369330103,-0.00010665529283970798,0.04397679882122307,0.020905959611812297,0.04500388134567257,,,,,,,
5,combined,20,xgboost,40,2.886430160535723,2.1115769703673317,-0.10752920651803999,-0.006057648863613263,-0.030335923934460718,-0.004976812929440966,,,,,,,
5,combined,20,mlp,40,2.5413053948821216,1.8576224684694087,0.14148715607670026,0.11423468144990612,0.09285931188110796,0.11518628396156538,,,,,,,
5,normal_plus_residual,5,ridge,40,2.88459678337911,1.9848326407490924,-0.10612271214876379,-0.005418630072554054,-0.029681484283570647,-0.004338480654181964,,,,,,,
5,normal_plus_residual,5,elastic_net,40,2.8836398387242737,1.9817234165861488,-0.10538893705172447,-0.005085089527315789,-0.02933989470743059,-0.0040052984409013614,,,,,,,
5,normal_plus_residual,5,random_forest,40,2.8083582244682432,2.003279574161985,-0.04842673804650777,0.02115411933233058,-0.0024674788630201228,0.022205720901124715,,,,,,,
5,normal_plus_residual,5,xgboost,40,3.009800387250503,2.1772905315384925,-0.20422729728794597,-0.049058017251326635,-0.07437398113955318,-0.04793098481600078,,,,,,,
5,normal_plus_residual,5,mlp,40,2.8106246685334613,1.9992143705399001,-0.05011965554994369,0.020364156208084738,-0.0032765054495316193,0.02141660645640764,,,,,,,
5,normal_plus_residual,10,ridge,40,2.886168468314472,1.9858310116631095,-0.10732839193148425,-0.005966436727446789,-0.03024251065869321,-0.004885698785029202,,,,,,,
5,normal_plus_residual,10,elastic_net,40,2.882646758091846,1.9803412065871377,-0.1046277106963307,-0.004738953882029051,-0.028985406085137555,-0.003659534658841279,,,,,,,
5,normal_plus_residual,10,random_forest,40,2.8609984379565283,2.0578884403063427,-0.08809877515809661,0.00280651122395581,-0.021257853126048554,0.0038778241424644033,,,,,,,
5,normal_plus_residual,10,xgboost,40,3.1281524517455495,2.3438870219377326,-0.30079512570932376,-0.09030931838169654,-0.11662076243649677,-0.08913796851720202,,,,,,,
5,normal_plus_residual,10,mlp,40,2.874576886263333,2.089099251459621,-0.09845163205428675,-0.0019262212583797123,-0.026104796340912673,-0.0008498238326963836,,,,,,,
5,normal_plus_residual,20,ridge,40,2.872567878578792,1.9781411853818143,-0.09691677895778761,-0.0012259869082495989,-0.025387663871489385,-0.00015034176395789522,,,,,,,
5,normal_plus_residual,20,elastic_net,40,2.882646758091846,1.9803412065871377,-0.1046277106963307,-0.004738953882029051,-0.028985406085137555,-0.003659534658841279,,,,,,,
5,normal_plus_residual,20,random_forest,40,2.8872641323326653,2.0714747978033707,-0.10816929237167816,-0.006348327542322174,-0.030633617297593396,-0.0052671793238969755,,,,,,,
5,normal_plus_residual,20,xgboost,40,3.2119656074265754,2.424146541905611,-0.371433812638742,-0.11952217358988992,-0.14653858493473626,-0.1183194395361451,,,,,,,
5,normal_plus_residual,20,mlp,40,2.8975840733990808,2.1578396660190506,-0.11610530343904069,-0.00994531588717873,-0.03431740849371945,-0.008860303323342977,,,,,,,
5,real_time,5,ridge,40,2.9039576062554,2.0337403583254656,-0.12102067922465465,-0.012166794018904303,-0.036592495538618985,-0.011079394858838798,,,,,,,
5,real_time,5,elastic_net,40,2.889049971411133,2.0074335155233647,-0.10954057256587157,-0.006970777061141797,-0.03127108782505261,-0.005888960127749865,,,,,,,
5,real_time,5,random_forest,40,3.032934894339232,2.242704769558718,-0.22281077109958458,-0.05712148891522628,-0.08263204123812473,-0.05598579366625511,,,,,,,
5,real_time,5,xgboost,40,3.325519707015812,2.3216486479975242,-0.47011778530108406,-0.15910115665815483,-0.1870726916373584,-0.15785590179341402,,,,,,,
5,real_time,5,mlp,40,3.067440620075144,2.2575401773016477,-0.25079290402740306,-0.0691483689627106,-0.09494915505339252,-0.06799975289936477,,,,,,,
5,real_time,10,ridge,40,2.7760851407018956,1.917563178001636,-0.024468579414616887,0.03240281788720012,0.009052674312777675,0.03344233466381108,0.09605093587281699,-0.14282846817154352,0.38878978233453815,1.0,False,False,B - suggestive but uncertain
5,real_time,10,elastic_net,40,2.793992193626,1.9472597108540328,-0.03772781301722983,0.026161361638157632,0.002660598671468617,0.027207583786178602,,,,,,,
5,real_time,10,random_forest,40,2.8980790952050475,2.1255341465427353,-0.11648668575138754,-0.010117854437065033,-0.03449411075965059,-0.009032656510228554,-0.02594301863033488,-0.4714088856015148,0.39075095488475725,1.0,False,False,C - unsupported
5,real_time,10,xgboost,40,3.159626713852711,2.2618160904482325,-0.32710300966764105,-0.10127958974602103,-0.12785576939135712,-0.10009645421147928,,,,,,,
5,real_time,10,mlp,40,2.822005621633774,2.0125275903753583,-0.05864129116871397,0.016397354906437234,-0.00733903396249902,0.01745406680059658,0.050130454940938485,-0.4112758304876297,0.7008795873091068,1.0,False,False,B - suggestive but uncertain
5,real_time,20,ridge,40,2.8652687526147553,1.923740622321457,-0.09134938290328809,0.0013181042693367617,-0.022782178453240487,0.0023910162251599143,,,,,,,
5,real_time,20,elastic_net,40,2.9774787648748595,2.032015227619463,-0.1785022762114985,-0.037792400691713635,-0.06283650169217636,-0.03667747122405762,,,,,,,
5,real_time,20,random_forest,40,2.8334931944689132,2.057057842282866,-0.06727768172483617,0.012393391576340784,-0.01143962130138032,0.013454405040545514,,,,,,,
5,real_time,20,xgboost,40,3.2574002437204075,2.3216290247195284,-0.41050727061065206,-0.13535829669853383,-0.16275686681263313,-0.1341385494538121,,,,,,,
5,real_time,20,mlp,40,2.9972296605862696,2.1058854254146424,-0.19418915684308224,-0.0446765234998967,-0.0698867527807292,-0.043554198226130936,,,,,,,
5,ex_post,5,ridge,40,2.7931615915943184,1.94671586595114,-0.03711091028387159,0.026450865794038436,0.0029570891680810174,0.027496776919629262,,,,,,,
5,ex_post,5,elastic_net,40,2.7776163490257955,1.9292564640563143,-0.025599025603900927,0.031869119248887356,0.008506096410179631,0.03290920939290609,,,,,,,
5,ex_post,5,random_forest,40,2.721618288735467,2.002467547289467,0.015337248703782946,0.051387096037958324,0.028495082797802662,0.052406217472381056,,,,,,,
5,ex_post,5,xgboost,40,2.7990305008185534,2.038443913618584,-0.041473783104628126,0.02440527290346528,0.000862131843037961,0.025453381666840857,,,,,,,
5,ex_post,5,mlp,40,2.7625948629645176,1.9714023341850129,-0.014536041177413805,0.037104818749214674,0.013868144289052475,0.03813928403449218,,,,,,,
5,ex_post,10,ridge,40,2.775848074000799,1.9385751497732193,-0.024293615748711472,0.03248544686301602,0.009137297298584812,0.03352487486900191,0.09628800257391346,-0.15638788500562892,0.3852977570741858,1.0,False,False,B - suggestive but uncertain
5,ex_post,10,elastic_net,40,2.776368964622595,1.9292564640563143,-0.024678071226316822,0.032303891805338214,0.008951360937672792,0.03334351486101206,,,,,,,
5,ex_post,10,random_forest,40,2.751259724617627,2.0005924573307263,-0.0062276829450209625,0.0410556514389272,0.01791431883408323,0.042085872233895594,0.12087635195708568,-0.42225505317380324,0.6042168438968576,1.0,False,False,B - suggestive but uncertain
5,ex_post,10,xgboost,40,2.974968458576431,2.2240761070921993,-0.17651592815733586,-0.03691744002678776,-0.061940426396569714,-0.035803450553901106,,,,,,,
5,ex_post,10,mlp,40,2.9058525350173374,2.1150956342573273,-0.12248416298657605,-0.012827266460283315,-0.03726890656127768,-0.011739157736159411,-0.03371645844262483,-0.5798221483377262,0.5755310763167257,1.0,False,False,C - unsupported
5,ex_post,20,ridge,40,2.7553472883684034,1.9200391596802036,-0.00921982151674805,0.0396309418329539,0.016455228005772482,0.04066269323338978,,,,,,,
5,ex_post,20,elastic_net,40,2.776368964622595,1.9292564640563143,-0.024678071226316822,0.032303891805338214,0.008951360937672792,0.03334351486101206,,,,,,,
5,ex_post,20,random_forest,40,2.743741370056844,1.97339502633587,-0.0007357697239747107,0.0436761541679247,0.020598059774280975,0.044703559683352934,,,,,,,
5,ex_post,20,xgboost,40,3.0122665464926364,2.259170970082281,-0.20620153650329454,-0.04991759057576939,-0.0752542977659707,-0.04878963467672537,,,,,,,
5,ex_post,20,mlp,40,3.021060623011079,2.1351739610452514,-0.21325463902506092,-0.0529827428413725,-0.07839341856600357,-0.051851493963326556,,,,,,,
10,market_only,5,ridge,40,5.336552916447179,3.8020095888401544,-0.10802218633116567,-0.014201851061764303,-0.03249527021620935,-0.025228552968844298,,,,,,,
10,market_only,5,elastic_net,40,5.409546928302883,3.8164743465702244,-0.13854080841324512,-0.028074225813697895,-0.046617864552872534,-0.03925175227406852,,,,,,,
10,market_only,5,random_forest,40,4.9981679111328114,3.8024985793638186,0.02803975894451305,0.050107583161902336,0.03297412978212755,0.03978007240720982,,,,,,,
10,market_only,5,xgboost,40,5.552478913287229,4.073313256092991,-0.1995011038020651,-0.055238180901688416,-0.07427178287234093,-0.06671104190030586,,,,,,,
10,market_only,5,mlp,40,6.085939290082381,4.01522737813922,-0.44105994757384503,-0.15662132280707142,-0.17748359853544593,-0.16919645125178295,,,,,,,
10,market_only,10,ridge,40,5.207266159926464,3.724619961151352,-0.0549852045253465,0.01036885400460208,-0.007481377034746606,-0.00039070794396778297,,,,,,,
10,market_only,10,elastic_net,40,5.21239187225649,3.69769251334494,-0.05706315173784171,0.009394722010688694,-0.008473079697514319,-0.0013754309884730365,,,,,,,
10,market_only,10,random_forest,40,5.078121515391972,3.8151310333262023,-0.0033050405336947364,0.034912550955103705,0.017505020878531896,0.024419835324835937,,,,,,,
10,market_only,10,xgboost,40,5.855462576558069,4.337446445962133,-0.33397974535881847,-0.11281965661116877,-0.13289187044156336,-0.12491856041118088,,,,,,,
10,market_only,10,mlp,40,5.570295146659987,3.9596470605445973,-0.20721112947820863,-0.05862412256637439,-0.07771879763607492,-0.07013379652226681,,,,,,,
10,market_only,20,ridge,40,5.325213831074082,3.7712454043298296,-0.10331854694459985,-0.012046879199815841,-0.03030142857356055,-0.023050151616686554,,,,,,,
10,market_only,20,elastic_net,40,5.210504170095046,3.6944320373179593,-0.05629764556797889,0.009753476258302252,-0.008107854507436674,-0.0010127762587786027,,,,,,,
10,market_only,20,random_forest,40,4.973598549956335,3.702316664239807,0.037571950902700046,0.0547769440723489,0.037727713154038445,0.04450019998782384,,,,,,,
10,market_only,20,xgboost,40,5.761386414981371,4.0950790457108415,-0.29145959912572406,-0.09494065893125936,-0.11469038469058845,-0.10684517699079255,,,,,,,
10,market_only,20,mlp,40,5.09696091676461,3.743334337889274,-0.010763203199655846,0.03133215813521095,0.013860047594185021,0.020800515417308763,,,,,,,
10,disaster_only,5,ridge,40,5.173152050927155,3.8985456352000867,-0.04120753701848123,0.016852176298247756,-0.0008811133924859771,0.006163102943467003,,,,,,,
10,disaster_only,5,elastic_net,40,4.830310363978375,3.5492429455553838,0.09222777769574952,0.08200859448965192,0.06545054784085302,0.07202792094697719,,,,,,,
10,disaster_only,5,random_forest,40,5.072242701542501,3.853985712142567,-0.000983383036771146,0.036029808477240466,0.018642430661418907,0.025549240000556694,,,,,,,
10,disaster_only,5,xgboost,40,5.2485059656878,3.9810501335134867,-0.07176163405294034,0.00253130643495858,-0.01546029246196623,-0.00831346764435481,,,,,,,
10,disaster_only,5,mlp,40,6.515821852646966,4.605084954035968,-0.6518295075489613,-0.2383196958052045,-0.2606555860610289,-0.251783073077702,,,,,,,
10,disaster_only,10,ridge,40,5.115515850082879,3.809261487436504,-0.018135745883809617,0.027805827934358263,0.010270112070216886,0.017235845913574743,,,,,,,
10,disaster_only,10,elastic_net,40,5.007790130233732,3.598657553508714,0.024293819648375625,0.04827889850791933,0.031112460673578868,0.03793150575385906,,,,,,,
10,disaster_only,10,random_forest,40,4.93443669341685,3.6230479801231583,0.05266849816653718,0.06221958129814131,0.045304595138153214,0.05202375576252771,,,,,,,
10,disaster_only,10,xgboost,40,5.609157340782097,3.988789368963919,-0.22411455278520043,-0.06600980951299706,-0.08523770211421433,-0.07759978283755498,,,,,,,
10,disaster_only,10,mlp,40,5.307014093701835,3.897775142698607,-0.09578991241472057,-0.008588053320870204,-0.02678021496428329,-0.01955372036177372,,,,,,,
10,disaster_only,20,ridge,40,5.18139443905269,3.854191449026571,-0.04452809417140924,0.015285725927574267,-0.0024758182306359178,0.004579621661962907,,,,,,,
10,disaster_only,20,elastic_net,40,4.898804068191576,3.5357519958823564,0.06630086641164123,0.06899149474629318,0.052198655327661325,0.05886929545268971,,,,,,,
10,disaster_only,20,random_forest,40,4.921239110072816,3.5762707494178754,0.0577291637410815,0.06472775720619028,0.04785801165895698,0.0545592012994377,,,,,,,
10,disaster_only,20,xgboost,40,5.557528240263594,3.8654558172057065,-0.2016837063089758,-0.05619779600271424,-0.07524870679729712,-0.06768109021997892,,,,,,,
10,disaster_only,20,mlp,40,5.350569725786797,3.972156075684554,-0.11385041758400605,-0.01686571933043779,-0.0352071873607156,-0.027921383599682326,,,,,,,
10,combined,5,ridge,40,5.326315469575351,3.9004696977957694,-0.10377508594989471,-0.012256243526316712,-0.030514569258166757,-0.023261792213947308,,,,,,,
10,combined,5,elastic_net,40,5.134421189032545,3.7145520668734617,-0.025675071179420472,0.02421290380188923,0.006612381442791637,0.013603858449341866,,,,,,,
10,combined,5,random_forest,40,4.94591155238914,3.81360771199832,0.04825740302556569,0.06003880591886934,0.04308448455351466,0.049819270349589106,,,,,,,
10,combined,5,xgboost,40,5.289815104190272,3.8788439371713337,-0.0886989418572719,-0.00531941769181854,-0.023452622115263333,-0.01624954716129401,,,,,,,
10,combined,5,mlp,40,5.123513337326131,3.779121098183297,-0.021321697332125078,0.026285920516041394,0.008722789691603783,0.01569941361314431,,,,,,,
10,combined,10,ridge,40,5.252005723853654,3.812059850764501,-0.07319143412436158,0.0018661839737648123,-0.016137411907743315,-0.008985821513284087,,,,,,,
10,combined,10,elastic_net,40,5.263366409090467,3.819992083093968,-0.07783932571855812,-0.00029289290168321713,-0.018335432607074154,-0.011168372509860136,,,,,,,
10,combined,10,random_forest,40,4.886808835731416,3.776396689487688,0.07086778759952617,0.07127116612882856,0.05451944572816292,0.06117375209543252,,,,,,,
10,combined,10,xgboost,40,5.585068759550162,3.9599661463596405,-0.21362318498917765,-0.061431819927325604,-0.08057713815512035,-0.07297201999773062,,,,,,,
10,combined,10,mlp,40,6.349499857875331,4.596490622911778,-0.5685770328548387,-0.20671051332154633,-0.22847626063817406,-0.21983022623136406,,,,,,,
10,combined,20,ridge,40,5.2266427394163415,3.8515478525309037,-0.06285115071221159,0.006686371493220489,-0.01123028142855631,-0.004113227492245519,,,,,,,
10,combined,20,elastic_net,40,5.107385811700814,3.738470247009245,-0.014902091537235318,0.029350926447460512,0.011843079921858957,0.018797743193809113,,,,,,,
10,combined,20,random_forest,40,4.90731542061131,3.7173557729207296,0.06305356523239591,0.06737392821705879,0.05055191233567602,0.05723414226265988,,,,,,,
10,combined,20,xgboost,40,5.78851113449578,4.225281818183559,-0.3036486588246108,-0.10009566089071886,-0.1199383687437876,-0.1120562256532609,,,,,,,
10,combined,20,mlp,40,5.567904599106808,4.296542074407693,-0.20617517849881595,-0.05816980349722156,-0.0772562838972386,-0.06967453796208356,,,,,,,
10,normal_plus_residual,5,ridge,40,5.1787482315455495,3.551643200052746,-0.04346145765064513,0.01578863269043318,-0.001963840409388462,0.00508799617560074,,,,,,,
10,normal_plus_residual,5,elastic_net,40,4.906234109676926,3.460060762525292,0.06346642591813922,0.06757942932768135,0.05076112012258727,0.057441877642019024,,,,,,,
10,normal_plus_residual,5,random_forest,40,5.135478772808892,3.7459130479396605,-0.02609765008044329,0.024011911993053525,0.006407764293101081,0.013400681398229697,,,,,,,
10,normal_plus_residual,5,xgboost,40,5.220973562904141,3.9182586637291705,-0.06054671811607415,0.00776378783344811,-0.010133431453204667,-0.003024097163524253,,,,,,,
10,normal_plus_residual,5,mlp,40,6.618247662463788,4.5316480232374845,-0.704169726257494,-0.2577855284389563,-0.2804725289152823,-0.2714605439899689,,,,,,,
10,normal_plus_residual,10,ridge,40,5.16718066216515,3.6519111074840396,-0.03880518483222373,0.01798702750850545,0.00027420742039130364,0.007310292591079515,,,,,,,
10,normal_plus_residual,10,elastic_net,40,5.0012215169521985,3.5467018581639884,0.026851767609108568,0.04952725111555645,0.032383330137678246,0.03919343081954774,,,,,,,
10,normal_plus_residual,10,random_forest,40,5.217051928553735,3.8507436295153497,-0.058954097741901856,0.008509087070547539,-0.009374689062431774,-0.002270694813113927,,,,,,,
10,normal_plus_residual,10,xgboost,40,5.243223920740698,3.7615593013540383,-0.06960549875412281,0.0035351491489006293,-0.014438343179285384,-0.007298710856102231,,,,,,,
10,normal_plus_residual,10,mlp,40,5.3326062672578685,3.87419641568606,-0.10638391611648745,-0.013451797801549592,-0.03173168805278559,-0.02447034490817601,,,,,,,
10,normal_plus_residual,20,ridge,40,5.236313856251412,3.7213009572539115,-0.06678808231549715,0.0048483939167714984,-0.013101411078399128,-0.005971188103458314,,,,,,,
10,normal_plus_residual,20,elastic_net,40,5.05490848275168,3.589800882173949,0.005846580474290097,0.03932414417663499,0.02199618713954843,0.02887939269013029,,,,,,,
10,normal_plus_residual,20,random_forest,40,5.202827753435608,3.816289225864799,-0.05318754045581087,0.011212364815657017,-0.006622651602645746,0.00046197376562107095,,,,,,,
10,normal_plus_residual,20,xgboost,40,5.304564925166972,3.748534671716837,-0.09477873933294201,-0.008122593444333637,-0.026306359468460494,-0.019083199868060285,,,,,,,
10,normal_plus_residual,20,mlp,40,5.997271022477037,4.3544327867714205,-0.39937518098043623,-0.13977008521161438,-0.16032841084141425,-0.1521620020268699,,,,,,,
10,real_time,5,ridge,40,5.284720274001022,3.764626554182884,-0.08660281373701295,-0.004351154790712908,-0.02246689440763694,-0.015270757020106052,,,,,,,
10,real_time,5,elastic_net,40,5.226415447930175,3.674608304139602,-0.06275871211369966,0.006729567812943982,-0.011186305965724452,-0.004069561529382648,,,,,,,
10,real_time,5,random_forest,40,5.199029760244733,3.9488855440116892,-0.05165047664186062,0.01193416628278643,-0.005887830817152162,0.0011916228713697574,,,,,,,
10,real_time,5,xgboost,40,5.764020280006987,4.281185965201871,-0.29264067171617136,-0.09544122002870381,-0.115199974537052,-0.10735118033624902,,,,,,,
10,real_time,5,mlp,40,5.476385898933033,3.9274705509957757,-0.16684965788306916,-0.04077684654987368,-0.05954960572029533,-0.052092479652575685,,,,,,,
10,real_time,10,ridge,40,5.157341726713369,3.61583116195811,-0.03485293037481196,0.019856898697624525,0.002177805956183554,0.009200493571734025,,,,,,,
10,real_time,10,elastic_net,40,5.124179774462803,3.580516285182102,-0.021587409912567246,0.026159265390867548,0.008593850055422125,0.015571381456062294,,,,,,,
10,real_time,10,random_forest,40,5.05008846107251,3.718124835879599,0.007741592604291858,0.04024018023693643,0.022928745977434994,0.029805388164884095,,,,,,,
10,real_time,10,xgboost,40,6.080469706101684,4.385658015966939,-0.4384708791800884,-0.15558183865229713,-0.17642536493811467,-0.1681456655184328,,,,,,,
10,real_time,10,mlp,40,5.696233403853633,4.046210069620557,-0.2624156467652823,-0.08255845162954834,-0.1020848363370046,-0.09432834667619239,,,,,,,
10,real_time,20,ridge,40,5.174689027531731,3.6564085887484836,-0.04182632778301554,0.016560076783484923,-0.0011784815811846094,0.005867827636554801,,,,,,,
10,real_time,20,elastic_net,40,5.224624432133457,3.7162713231682316,-0.06203045331995338,0.007069946998675247,-0.010839787273237755,-0.0037254816406675495,,,,,,,
10,real_time,20,random_forest,40,4.987466902276482,3.7146584187596003,0.032197210707318624,0.05214128978118249,0.03504451888979465,0.041835890085184846,,,,,,,
10,real_time,20,xgboost,40,5.87184811358917,4.075074700743419,-0.34145603170893835,-0.11593369712529289,-0.13606207970388007,-0.1280664576930084,,,,,,,
10,real_time,20,mlp,40,5.329587690037842,3.687934074107209,-0.10513171039155167,-0.012878122874671494,-0.03114766560397708,-0.023890432818149954,,,,,,,
10,ex_post,5,ridge,40,5.13055677344193,3.7942364616977016,-0.024131706123157626,0.02494732872124006,0.007360053372954978,0.014346268253210837,,,,,,,
10,ex_post,5,elastic_net,40,4.988993036625133,3.6703813593176826,0.03160483662867819,0.051851250816779104,0.03474924841813121,0.04154269773154384,,,,,,,
10,ex_post,5,random_forest,40,4.970963987789142,3.4058096109696763,0.038591295323810004,0.05527763766023952,0.03823743788071232,0.04500633726420167,,,,,,,
10,ex_post,5,xgboost,40,5.609830573494251,3.934227903992361,-0.22440841632546338,-0.066137756124518,-0.08536795653161389,-0.07772912052240488,,,,,,,
10,ex_post,5,mlp,40,5.066019610101799,3.6262409646554823,0.0014713062225927276,0.037212495308478255,0.019846449918652254,0.026744785352141198,,,,,,,
10,ex_post,10,ridge,40,5.084766574822398,3.567912079292286,-0.005932541164141991,0.03364966990055962,0.016219360914199066,0.02314322385467682,,,,,,,
10,ex_post,10,elastic_net,40,4.98415726800976,3.5964495543732284,0.03348123346819498,0.05277027955270752,0.035684853911303493,0.04247171841917741,,,,,,,
10,ex_post,10,random_forest,40,4.878457262975392,3.4555720851434457,0.07404085404950633,0.07285836683330049,0.05613527517920902,0.0627782093144893,,,,,,,
10,ex_post,10,xgboost,40,5.253680868347719,3.8025541805572716,-0.07387613917448643,0.0015478259113083093,-0.01646151227630166,-0.00930764085857172,,,,,,,
10,ex_post,10,mlp,40,5.135169685792477,3.4545683244956904,-0.02597413913587543,0.024070653399556052,0.006467565233432837,0.013460061458643646,,,,,,,
10,ex_post,20,ridge,40,4.9705590501034616,3.523418691985909,0.03874792279489325,0.05535459530627285,0.03831578363156374,0.04508413161647984,,,,,,,
10,ex_post,20,elastic_net,40,4.849890599957227,3.4790187163766957,0.08485333659631633,0.07828740744533824,0.06166224079051441,0.06826627605866009,,,,,,,
10,ex_post,20,random_forest,40,4.923865991277545,3.4670937216892357,0.05672295611132894,0.06422852337077856,0.04734977301469212,0.054054539646398614,,,,,,,
10,ex_post,20,xgboost,40,5.3326385095307085,3.915877083070769,-0.10639729510535045,-0.013457925384899427,-0.03173792616092941,-0.024476539112421092,,,,,,,
10,ex_post,20,mlp,40,6.198185931767331,4.538475087444452,-0.4947068199075908,-0.1779535860778969,-0.1992006373153259,-0.1907606451859618,,,,,,,
15,market_only,5,ridge,40,7.299616750947485,5.205425607307475,-0.20567802157225068,-0.06368376238707918,-0.07775738281463429,-0.08121080698770222,,,,,,,
15,market_only,5,elastic_net,40,6.935898864574021,4.903853580026909,-0.08852079379277811,-0.010683608676956613,-0.024055983045961016,-0.027337333508334893,,,,,,,
15,market_only,5,random_forest,40,6.949308124278636,5.194957637578481,-0.0927337639836272,-0.012637575891958353,-0.026035803238966482,-0.02932349757707886,,,,,,,
15,market_only,5,xgboost,40,8.692013522323558,5.8819497607005475,-0.709511444325698,-0.26658069342399715,-0.283338847069321,-0.28745100947931723,,,,,,,
15,market_only,5,mlp,40,7.384297786881826,4.896506475823735,-0.23381381951321112,-0.07602329280061526,-0.09026017779366935,-0.0937536642804826,,,,,,,
15,market_only,10,ridge,40,6.978494060129406,5.010456041958264,-0.1019316376335071,-0.016890484930026206,-0.03034498259875118,-0.03364648470510967,,,,,,,
15,market_only,10,elastic_net,40,6.808838027691862,4.801561268844193,-0.04900421223529716,0.00783141117108177,-0.005295990612306456,-0.008517229019416428,,,,,,,
15,market_only,10,random_forest,40,6.7880546640908,5.077419771514114,-0.04261000464656095,0.010859916248059598,-0.0022274153260959384,-0.00543882119367578,,,,,,,
15,market_only,10,xgboost,40,8.323083670745387,5.856847256443059,-0.5674718388698956,-0.21282106384719235,-0.22886792279408819,-0.23280554573015366,,,,,,,
15,market_only,10,mlp,40,7.79013633036299,5.756339543071865,-0.3731606262897478,-0.13516117408673978,-0.15018051353058182,-0.15386600086952718,,,,,,,
15,market_only,20,ridge,40,7.401263884986654,5.466911612720986,-0.23948993243715622,-0.07849555452077062,-0.09276515005644792,-0.09626666314730281,,,,,,,
15,market_only,20,elastic_net,40,6.951570089066222,4.906351447779235,-0.09344523842660579,-0.012967184321789338,-0.02636977272430574,-0.02965853719036371,,,,,,,
15,market_only,20,random_forest,40,6.841676298864982,5.125549673189013,-0.059147074451525894,0.003046292030795761,-0.010144421756462796,-0.013381195839395232,,,,,,,
15,market_only,20,xgboost,40,8.28151423950995,5.822307322133159,-0.5518535420659276,-0.20676365966757393,-0.2227303729826433,-0.22664832956037984,,,,,,,
15,market_only,20,mlp,40,8.374408446848436,5.968990408880119,-0.5868632554628133,-0.22029999497626562,-0.23644580780554314,-0.24040771232083658,,,,,,,
15,disaster_only,5,ridge,40,7.199651577264451,5.249151006978388,-0.17288163189277994,-0.04911706173980934,-0.06299794986943841,-0.06640408085451588,,,,,,,
15,disaster_only,5,elastic_net,40,7.0052309654415135,5.22685026578293,-0.11039153782670841,-0.020786526737053723,-0.03429257301026145,-0.0376067242567415,,,,,,,
15,disaster_only,5,random_forest,40,7.228785256873224,5.237757546671543,-0.18239306259975652,-0.05336235611562956,-0.06729941381723226,-0.0707193278483027,,,,,,,
15,disaster_only,5,xgboost,40,8.749015105574655,6.549219759780309,-0.7320066640485492,-0.2748868361439798,-0.2917548885242398,-0.295894018191863,,,,,,,
15,disaster_only,5,mlp,40,8.112082562644689,5.41629500813522,-0.4890042942331483,-0.18207445615669116,-0.19771450614271702,-0.201552305163073,,,,,,,
15,disaster_only,10,ridge,40,7.088286438692624,5.2233136465215555,-0.13687769057060684,-0.032889183806428246,-0.04655536056933829,-0.049908805081316565,,,,,,,
15,disaster_only,10,elastic_net,40,7.228662324854662,5.477389463202444,-0.18235284761900528,-0.053344442737916165,-0.06728126342727214,-0.07070111929961742,,,,,,,
15,disaster_only,10,random_forest,40,7.12533629345399,5.319024621555025,-0.14879347176229474,-0.03828800545050304,-0.05202561412697748,-0.05539658680083148,,,,,,,
15,disaster_only,10,xgboost,40,8.071050213603986,5.723564172208077,-0.47397909623619383,-0.1760953143885251,-0.19165625423420352,-0.19547464098801304,,,,,,,
15,disaster_only,10,mlp,40,7.827688252967721,5.392459420088733,-0.3864310241517901,-0.14063315592960612,-0.15572489527101752,-0.15942814829844942,,,,,,,
15,disaster_only,20,ridge,40,7.856794175548117,5.523673409716791,-0.39676060710779293,-0.1448744056135769,-0.1600222610115658,-0.1637392839532339,,,,,,,
15,disaster_only,20,elastic_net,40,7.9302645528242515,5.662595433046534,-0.4230054949107003,-0.15558034401985443,-0.17086984989590714,-0.17462163142635423,,,,,,,
15,disaster_only,20,random_forest,40,7.1323863856031835,5.19707318085563,-0.1510679206553509,-0.03931532904820512,-0.05306653026306507,-0.0564408383118411,,,,,,,
15,disaster_only,20,xgboost,40,7.982556161345123,5.633555844917984,-0.4418337640147898,-0.16320015979792712,-0.1785904836038763,-0.18236700411872153,,,,,,,
15,disaster_only,20,mlp,40,7.662557521238705,5.433829141632877,-0.3285525011573305,-0.11657067648663366,-0.13134404469726269,-0.13496917493001548,,,,,,,
15,combined,5,ridge,40,7.3870285600073915,5.277043968038656,-0.23472653693290169,-0.07642121492879417,-0.0906633648372206,-0.09415814324362937,,,,,,,
15,combined,5,elastic_net,40,6.674128619086289,4.589417594519503,-0.007906786848265623,0.02746096371655138,0.014593280922449714,0.011435773084202627,,,,,,,
15,combined,5,random_forest,40,6.875402707325182,5.092418849111802,-0.06961505631305753,-0.0018682444807398557,-0.015123982595610208,-0.0183767125291332,,,,,,,
15,combined,5,xgboost,40,8.304760248133253,5.695891155607361,-0.5605777994319407,-0.210151015847569,-0.22616254733775398,-0.23009150152411095,,,,,,,
15,combined,5,mlp,40,7.106363919827143,5.285445762264294,-0.14268391531695657,-0.03552339376617053,-0.04922442381199299,-0.05258642071959274,,,,,,,
15,combined,10,ridge,40,7.291513719833473,5.266724664665136,-0.20300275124064182,-0.06250300688769306,-0.0765610047164047,-0.0800105953726622,,,,,,,
15,combined,10,elastic_net,40,7.281710959690449,5.162371766587438,-0.19977027558466576,-0.06107457069077138,-0.07511366885254134,-0.07855862185589224,,,,,,,
15,combined,10,random_forest,40,6.74661725897194,5.0910123320026255,-0.029919715711148154,0.016898081878421567,0.0038906413904754578,0.000698839420112285,,,,,,,
15,combined,10,xgboost,40,8.720437674370377,6.437356192366316,-0.7207104291405995,-0.27072259703666246,-0.2875355522887737,-0.2916611620696561,,,,,,,
15,combined,10,mlp,40,7.258292466565115,5.578803592476737,-0.19206559424062752,-0.05766208045643717,-0.07165602789393266,-0.07508990168682428,,,,,,,
15,combined,20,ridge,40,7.263588245022685,5.318814786309404,-0.1938057330764107,-0.058433769402132185,-0.0724379270709894,-0.07587430627888647,,,,,,,
15,combined,20,elastic_net,40,7.160503186592825,5.279636914010128,-0.16016112961667917,-0.04341244615494477,-0.05721785640546595,-0.060605466418375054,,,,,,,
15,combined,20,random_forest,40,6.60154147553548,5.0078645953363035,0.013897775986849603,0.03803819928758789,0.02531046410184823,0.022187296997470463,,,,,,,
15,combined,20,xgboost,40,8.691203691289768,6.197923397273388,-0.7091929103234234,-0.26646268666414796,-0.28321927895975074,-0.28733105824140415,,,,,,,
15,combined,20,mlp,40,7.657064310891826,6.167754342523921,-0.3266483321151883,-0.1157702182093423,-0.1305329955410266,-0.13415552695441035,,,,,,,
15,normal_plus_residual,5,ridge,40,7.253706642636206,5.260675862245664,-0.19055976458740753,-0.05699384449052647,-0.07097895048503577,-0.07441065474002584,,,,,,,
15,normal_plus_residual,5,elastic_net,40,7.0839625901492775,5.25527588905855,-0.13549112480285297,-0.03225912230546246,-0.045916962712470255,-0.049268361626221946,,,,,,,
15,normal_plus_residual,5,random_forest,40,7.699226966527826,5.7539598063516895,-0.3412985985999428,-0.12191406571658425,-0.1367581324134346,-0.14040061083761923,,,,,,,
15,normal_plus_residual,5,xgboost,40,8.041660120592173,6.157441863798803,-0.4632638837886638,-0.17181265602736473,-0.18731693193745702,-0.1911214143369535,,,,,,,
15,normal_plus_residual,5,mlp,40,8.144977821832562,6.047486963986305,-0.5011048845479682,-0.18686787946252603,-0.20257135132499715,-0.20642471298201404,,,,,,,
15,normal_plus_residual,10,ridge,40,7.099697990601863,5.146490559054131,-0.14054119431080347,-0.03455204952714164,-0.04824022769855563,-0.051599070977422556,,,,,,,
15,normal_plus_residual,10,elastic_net,40,7.493286795285321,5.574458365173467,-0.2705037049157295,-0.09190492638123016,-0.10635194157527694,-0.10989699039598522,,,,,,,
15,normal_plus_residual,10,random_forest,40,7.39625427226532,5.393381030916614,-0.23781258024500218,-0.07776556500360332,-0.09202550203386384,-0.09552464509376235,,,,,,,
15,normal_plus_residual,10,xgboost,40,8.136821961976795,5.828921060196815,-0.4981001688186266,-0.18567942587751318,-0.201367173287621,-0.20521667643472696,,,,,,,
15,normal_plus_residual,10,mlp,40,8.356639077777565,5.996440383012559,-0.5801361789617656,-0.21771068241460334,-0.2338222359993105,-0.23777573388576534,,,,,,,
15,normal_plus_residual,20,ridge,40,7.233612776141626,5.292200562110706,-0.1839728387455819,-0.05406581138370825,-0.06801217651556479,-0.07143437442979073,,,,,,,
15,normal_plus_residual,20,elastic_net,40,7.644945716834406,5.665660883986907,-0.32245236625354035,-0.11400432389438864,-0.12874373664424632,-0.13236053479147536,,,,,,,
15,normal_plus_residual,20,random_forest,40,7.368748811380796,5.295113680158519,-0.22862325349216972,-0.07375753100427818,-0.08796443765919415,-0.09145056797791051,,,,,,,
15,normal_plus_residual,20,xgboost,40,8.301658839092521,6.028829977586815,-0.5594124228996253,-0.2096990854860583,-0.2257046374768914,-0.2296321243970456,,,,,,,
15,normal_plus_residual,20,mlp,40,8.837834319048355,6.128532360686506,-0.76735151822548,-0.28782937249668694,-0.30486866782568645,-0.3090498175649532,,,,,,,
15,real_time,5,ridge,40,6.896484942147179,4.902760961629992,-0.07618469285574814,-0.004940300400946729,-0.018236684947098736,-0.0214993888151227,,,,,,,
15,real_time,5,elastic_net,40,6.9156875025628635,4.803996333043357,-0.08218608987162956,-0.0077384543872871525,-0.021071861362937483,-0.02434364989781268,,,,,,,
15,real_time,5,random_forest,40,6.918954530929467,5.037333927997226,-0.08320879882421806,-0.008214518425082362,-0.021554224213222062,-0.024827558368246905,,,,,,,
15,real_time,5,xgboost,40,8.988569145754411,6.3139219516313565,-0.828152216024034,-0.30979411298428183,-0.3271240242193836,-0.3313764860990036,,,,,,,
15,real_time,5,mlp,40,7.104237718702903,4.902717439545765,-0.1420002429376115,-0.03521356851251878,-0.04891049925441937,-0.05227149026340694,,,,,,,
15,real_time,10,ridge,40,6.828971213859411,4.860029046949866,-0.05521702616323809,0.004897648489807005,-0.008268569964344552,-0.011499333314223925,,,,,,,
15,real_time,10,elastic_net,40,6.854571238566915,4.784947842742677,-0.06314331974866638,0.0011672703717304778,-0.012048304787432018,-0.015291179423036594,,,,,,,
15,real_time,10,random_forest,40,6.967075754530076,5.1124546603004415,-0.098328597062312,-0.015226635076757589,-0.028659118315901955,-0.03195521846022342,,,,,,,
15,real_time,10,xgboost,40,8.894581715505502,6.015966366732766,-0.790120577051227,-0.29609847568780645,-0.31324717968101945,-0.3174551764229945,,,,,,,
15,real_time,10,mlp,40,8.089238597159088,5.989344503717412,-0.4806299048103879,-0.17874568479997444,-0.19434169174781424,-0.19816868336480797,,,,,,,
15,real_time,20,ridge,40,6.835741045818898,4.843507178499946,-0.05731022076397774,0.003911163777652771,-0.009268106874799953,-0.012502073009446502,,,,,,,
15,real_time,20,elastic_net,40,6.956746482146231,4.951518446712906,-0.09507428327619416,-0.013721476698334234,-0.027134045157869657,-0.030425258558111512,,,,,,,
15,real_time,20,random_forest,40,6.872375535859006,5.086317088482098,-0.06867338191035754,-0.001427131851900132,-0.014677033597048972,-0.01792833138591643,,,,,,,
15,real_time,20,xgboost,40,9.071077606280983,6.330738378601886,-0.8618684424037075,-0.3218170605876993,-0.3393060476750178,-0.343597544030253,,,,,,,
15,real_time,20,mlp,40,7.696673895964963,5.890515448263871,-0.3404091944530181,-0.12154203800682906,-0.13638118239785801,-0.1400224529729326,,,,,,,
15,ex_post,5,ridge,40,7.101210826810842,5.187598149740674,-0.14102730959415344,-0.0347724966225913,-0.04846359153378765,-0.05182315053038522,,,,,,,
15,ex_post,5,elastic_net,40,6.949406785454888,5.128152571398284,-0.09276479186780318,-0.012651952577028114,-0.026050370142234325,-0.029338111156617996,,,,,,,
15,ex_post,5,random_forest,40,7.317128550427891,5.470791851738662,-0.21146980989582098,-0.06623554248636565,-0.08034292556575573,-0.08380463451235398,,,,,,,
15,ex_post,5,xgboost,40,8.914194869712082,6.955542812005513,-0.7980239550659136,-0.2989564604794086,-0.3161429785246612,-0.32036025418403136,,,,,,,
15,ex_post,5,mlp,40,8.137831681180216,5.568765054994627,-0.49847199810803344,-0.1858265598926121,-0.2015162540357187,-0.20536623487758932,,,,,,,
15,ex_post,10,ridge,40,7.141433198288429,5.270049183665189,-0.15398983195133664,-0.040633610278983934,-0.05440225369829865,-0.05778084176377729,,,,,,,
15,ex_post,10,elastic_net,40,7.031564034263249,5.15209927401054,-0.11875528040343952,-0.024623722397478565,-0.03818053868066573,-0.04150714801358002,,,,,,,
15,ex_post,10,random_forest,40,7.179035681971256,5.293709676900242,-0.16617425572359124,-0.04611295976862073,-0.059954100566981694,-0.06335047824122308,,,,,,,
15,ex_post,10,xgboost,40,8.34428819659615,6.136500192795727,-0.5754688355700865,-0.21591093974151865,-0.2319986808961183,-0.23594633562216005,,,,,,,
15,ex_post,10,mlp,40,7.556096475032689,5.019179958717812,-0.29189201676887166,-0.1010574118811487,-0.11562552378781743,-0.11920028765710189,,,,,,,
15,ex_post,20,ridge,40,6.933504850710094,4.82621097186935,-0.08776948983441657,-0.010334758352224194,-0.023702517075836926,-0.02698273493829073,,,,,,,
15,ex_post,20,elastic_net,40,6.8894297397042745,4.96228965369489,-0.07398391457026565,-0.003912232142719851,-0.017195014297868294,-0.020454380373307712,,,,,,,
15,ex_post,20,random_forest,40,7.030948105390868,5.152639068056763,-0.11855929456150904,-0.02453397062520213,-0.03808959940095469,-0.04141591733998773,,,,,,,
15,ex_post,20,xgboost,40,7.827698409234036,6.078554265329063,-0.38643462188623956,-0.14063463587792868,-0.15572639480056494,-0.15942965263289222,,,,,,,
15,ex_post,20,mlp,40,8.110297729114473,5.345322599107591,-0.4883491400472757,-0.1818143742223337,-0.197450983059257,-0.20128793768086317,,,,,,,
20,market_only,5,ridge,40,7.001173701831051,5.011647772305339,-0.24533187533702594,-0.08445123184378822,-0.08826080620227361,-0.08894437613323691,,,,,,,
20,market_only,5,elastic_net,40,6.785452609762739,4.841238320610411,-0.16977151625799425,-0.05103697675010532,-0.05472916999851862,-0.055391677682165685,,,,,,,
20,market_only,5,random_forest,40,6.283523624204616,4.671190520276436,-0.0031131027940169975,0.02670963115711633,0.023290554370970384,0.0226770532648799,,,,,,,
20,market_only,5,xgboost,40,6.750141393601212,5.176912328657871,-0.1576283093904074,-0.04556742357300658,-0.04924040279968778,-0.04989946282061131,,,,,,,
20,market_only,5,mlp,40,6.767721014365625,4.966241316613177,-0.1636658619217175,-0.048290430058094636,-0.051972974948384376,-0.05263375138153581,,,,,,,
20,market_only,10,ridge,40,7.332958302421556,5.57757438164308,-0.36616083139054867,-0.13584321755085216,-0.1398333270825498,-0.140549291292841,,,,,,,
20,market_only,10,elastic_net,40,6.9490435201645955,5.230403676146663,-0.22685563481038296,-0.07637649435946581,-0.08015770293075053,-0.08083618305446172,,,,,,,
20,market_only,10,random_forest,40,6.252980752062304,4.869204827675355,0.006615035358453425,0.03144058866929955,0.028038131288342427,0.027427612280667257,,,,,,,
20,market_only,10,xgboost,40,6.6540097906338245,5.205490634928229,-0.12489055392229997,-0.03067705808616883,-0.034297728870680055,-0.034947402940618266,,,,,,,
20,market_only,10,mlp,40,7.481293110520273,5.814635013026608,-0.42199064573760947,-0.1588196315378234,-0.1628904550334176,-0.16362090213170033,,,,,,,
20,market_only,20,ridge,40,7.001460392511795,5.244790628917807,-0.2454338674795431,-0.0844956389782392,-0.0883053693347775,-0.08898896725720884,,,,,,,
20,market_only,20,elastic_net,40,7.030470561682088,4.9932622758051455,-0.2557760238327451,-0.08898918749346785,-0.09281470325989782,-0.09350113363302692,,,,,,,
20,market_only,20,random_forest,40,6.153354376482292,4.6386964180808405,0.03801731944108633,0.046872279171939146,0.04352403185660836,0.04292324001720216,,,,,,,
20,market_only,20,xgboost,40,6.417127750345455,4.999447720301471,-0.04622421871890903,0.006014935475597505,0.002523160185627704,0.001896614443427369,,,,,,,
20,market_only,20,mlp,40,7.567835818158586,5.613164657552061,-0.4550797674962863,-0.17222471901350178,-0.17634263331043498,-0.17708153013375028,,,,,,,
20,disaster_only,5,ridge,40,6.976199033587367,5.4043261210437326,-0.23646299748907706,-0.08058276479880266,-0.084378749599336,-0.08505988109169271,,,,,,,
20,disaster_only,5,elastic_net,40,7.322974957479422,5.929985601272506,-0.3624434856596701,-0.1342968410172165,-0.13828151827476654,-0.13899650774643502,,,,,,,
20,disaster_only,5,random_forest,40,7.4994991384160254,5.766446005244779,-0.42892000987317624,-0.1616396657519963,-0.16572039576041186,-0.16645262043110765,,,,,,,
20,disaster_only,5,xgboost,40,7.497075401905218,5.774945181042828,-0.4279965439496294,-0.16126423955108327,-0.16534365072285007,-0.1660756387484532,,,,,,,
20,disaster_only,5,mlp,40,7.133733106615189,5.5777337784635295,-0.292936253187422,-0.10498410474951858,-0.1088658091437591,-0.10956232170792024,,,,,,,
20,disaster_only,10,ridge,40,7.202015502809792,5.65281180045043,-0.3178060666920044,-0.11556074972650543,-0.11947960887175713,-0.12018278828848361,,,,,,,
20,disaster_only,10,elastic_net,40,7.340456831283525,5.94547581620727,-0.36895627458043934,-0.13700470692501976,-0.14099889665876564,-0.1417155929989935,,,,,,,
20,disaster_only,10,random_forest,40,7.392388318555238,5.803984437821773,-0.3883946866137937,-0.14504866751530754,-0.1490711149199433,-0.14979288166760285,,,,,,,
20,disaster_only,10,xgboost,40,7.485408925273411,6.050176019707808,-0.42355568533771404,-0.1594571532690603,-0.16353021631805165,-0.1642610652699843,,,,,,,
20,disaster_only,10,mlp,40,8.124476841746667,6.3052816482167895,-0.677004426577908,-0.2584459826806218,-0.2628667841020078,-0.2636600293934901,,,,,,,
20,disaster_only,20,ridge,40,7.638570216402258,5.5455849566186375,-0.4824073141649865,-0.18318116839984078,-0.18733757166466547,-0.18808337474538606,,,,,,,
20,disaster_only,20,elastic_net,40,7.195312289238249,5.753073937660895,-0.31535413510726373,-0.11452245121763238,-0.11843766291866564,-0.11914018785723823,,,,,,,
20,disaster_only,20,random_forest,40,7.109675590854089,5.4830821793179485,-0.28423046465384516,-0.10125770061882222,-0.10512631450865939,-0.10582047818175067,,,,,,,
20,disaster_only,20,xgboost,40,7.4781322611631404,5.9739960326874595,-0.42078931632940786,-0.15833002977603328,-0.16239913334705847,-0.16312927183114745,,,,,,,
20,disaster_only,20,mlp,40,8.490597904436989,6.479410855578277,-0.831554925863484,-0.31515653641743824,-0.31977655663726123,-0.3206055486992432,,,,,,,
20,combined,5,ridge,40,7.099400945732626,5.316109010616349,-0.2805213002528608,-0.09966620295953477,-0.10352922606898796,-0.10422238656193317,,,,,,,
20,combined,5,elastic_net,40,6.8565066934612195,5.054277637920805,-0.19439838477088456,-0.062042944017307367,-0.0657738001852326,-0.0664432453392465,,,,,,,
20,combined,5,random_forest,40,6.867934472190954,5.155711024852442,-0.19838312387115753,-0.06381305703670836,-0.0675501314438427,-0.068220692365905,,,,,,,
20,combined,5,xgboost,40,8.432337178006213,6.433881659967398,-0.8065056611300616,-0.3061322043216006,-0.3107205229183858,-0.3115438266083259,,,,,,,
20,combined,5,mlp,40,7.1270948243320325,5.139420396202331,-0.2905310938396082,-0.10395586381365751,-0.10783395609497992,-0.10852982052064974,,,,,,,
20,combined,10,ridge,40,6.9461692046988635,5.12396413289904,-0.2258409222637412,-0.07593127544614209,-0.07971092000559632,-0.08038911949127314,,,,,,,
20,combined,10,elastic_net,40,6.97348041663629,5.153256530777902,-0.23549948877386728,-0.08016166290545379,-0.08395616841496123,-0.08463703447113802,,,,,,,
20,combined,10,random_forest,40,6.5727983622669255,4.9103579052707325,-0.09759979567921451,-0.018097762487597313,-0.021674243399338877,-0.022315988271567555,,,,,,,
20,combined,10,xgboost,40,7.361708907740777,5.589000027742861,-0.3768945485377617,-0.1402965607590816,-0.14430231446323938,-0.14502108578132855,,,,,,,
20,combined,10,mlp,40,7.799931722160375,6.045205385661964,-0.5456992666421603,-0.20817536096583766,-0.21241956645939752,-0.21318112430896807,,,,,,,
20,combined,20,ridge,40,6.959537549235958,5.362802015403342,-0.23056388039257691,-0.07800197363452899,-0.08178889236039222,-0.08246839708412512,,,,,,,
20,combined,20,elastic_net,40,6.92175514740756,5.337248081071335,-0.21723901369351606,-0.0721496445894565,-0.07591600463825543,-0.07659182042140356,,,,,,,
20,combined,20,random_forest,40,6.588690972177162,5.012252605614836,-0.10291406620417787,-0.0205594583586568,-0.024144586974595317,-0.024787883545256406,,,,,,,
20,combined,20,xgboost,40,6.8107338251822345,5.1988665120359965,-0.17850441569605668,-0.054952926613913045,-0.058658876222918765,-0.059323852275358746,,,,,,,
20,combined,20,mlp,40,6.691889189410229,5.3107544085856375,-0.13773437684157375,-0.036544411534895405,-0.04018569377577674,-0.04083906625673994,,,,,,,
20,normal_plus_residual,5,ridge,40,6.851707876299551,5.145039615405174,-0.19272706905974424,-0.061299628195704114,-0.0650278731656233,-0.06569684978003854,,,,,,,
20,normal_plus_residual,5,elastic_net,40,7.40788341345663,5.826948372053896,-0.39422118094611625,-0.14744879004747058,-0.1514796688550013,-0.15220294848912852,,,,,,,
20,normal_plus_residual,5,random_forest,40,7.660737528101594,5.948740800602353,-0.49102376089377886,-0.18661478817601096,-0.190783253421561,-0.19153122084048735,,,,,,,
20,normal_plus_residual,5,xgboost,40,7.883833004292323,6.408058227569181,-0.5791312633284555,-0.2211713031658531,-0.22546116217219048,-0.22623091184731448,,,,,,,
20,normal_plus_residual,5,mlp,40,8.645342883529088,6.838144872048699,-0.8989251385247725,-0.3391258578976608,-0.3438300800712646,-0.3446741808877467,,,,,,,
20,normal_plus_residual,10,ridge,40,6.898848956336065,5.146951959475732,-0.20919591672826954,-0.06860157562527203,-0.07235547164419898,-0.07302905094756307,,,,,,,
20,normal_plus_residual,10,elastic_net,40,7.596538814410295,6.001045183939758,-0.4661382398898246,-0.17667068778508566,-0.1808042203487823,-0.1815459196315139,,,,,,,
20,normal_plus_residual,10,random_forest,40,7.554925742922258,5.7268605085354665,-0.4501195207975428,-0.17022500473851254,-0.17433589422879447,-0.17507353055785346,,,,,,,
20,normal_plus_residual,10,xgboost,40,7.845184038579889,6.386830958199754,-0.5636864430872359,-0.215184747159483,-0.2194535759621672,-0.22021955208846222,,,,,,,
20,normal_plus_residual,10,mlp,40,9.117826450235185,7.36657564783674,-1.1121562460876127,-0.4123114990147163,-0.4172728154066878,-0.41816304785378366,,,,,,,
20,normal_plus_residual,20,ridge,40,7.031130292062165,5.275890040814934,-0.2560117157278119,-0.0890913768482573,-0.09291725159620179,-0.09360374638308055,,,,,,,
20,normal_plus_residual,20,elastic_net,40,7.684434041612622,5.96935931465278,-0.5002622212574461,-0.19028527463469103,-0.19446663395116426,-0.19521691501417293,,,,,,,
20,normal_plus_residual,20,random_forest,40,7.538131649325276,5.6725326008653365,-0.44367964944709115,-0.1676236729812124,-0.17172542423966863,-0.1724614208526043,,,,,,,
20,normal_plus_residual,20,xgboost,40,8.228415465394033,6.531758503702937,-0.7201876380532488,-0.27454562157703344,-0.2790229795034238,-0.27982637299588164,,,,,,,
20,normal_plus_residual,20,mlp,40,8.258144929168937,6.410397830649487,-0.7326402522356679,-0.27915058568531137,-0.2836441204140081,-0.28445041658655446,,,,,,,
20,real_time,5,ridge,40,6.859386632258098,5.063004919699561,-0.1954019619011962,-0.06248903396006833,-0.06622145719966777,-0.06689118354075796,,,,,,,
20,real_time,5,elastic_net,40,6.651381093491811,4.8878356862977,-0.12400194311779233,-0.030269884378558043,-0.033889124800439596,-0.03453854221365127,,,,,,,
20,real_time,5,random_forest,40,6.4780607985861245,4.826212500530419,-0.06618713567353085,-0.0034233275983936995,-0.006948258611682023,-0.007580753642009386,,,,,,,
20,real_time,5,xgboost,40,7.425555469173708,5.674867881832279,-0.40088115162963955,-0.15018611430305717,-0.1542266090711666,-0.1549516141425451,,,,,,,
20,real_time,5,mlp,40,6.770897576382172,5.318829678976862,-0.16475849687849853,-0.04878246564220978,-0.05246673900685561,-0.053127825588329625,,,,,,,
20,real_time,10,ridge,40,6.824768510742421,5.048654480018394,-0.1833664411463245,-0.05712683811682351,-0.06084042447082627,-0.0615067708205117,,,,,,,
20,real_time,10,elastic_net,40,6.676881962199865,5.007797215174684,-0.13263713375322883,-0.03421985757752388,-0.037852973880748264,-0.03850488110892614,,,,,,,
20,real_time,10,random_forest,40,6.587339631766889,5.082379718565585,-0.10246169728560539,-0.020350141630494978,-0.023934534936612906,-0.02457769956715805,,,,,,,
20,real_time,10,xgboost,40,7.020316328239754,5.482795554618685,-0.2521511642396881,-0.08741634107743201,-0.09123633158352717,-0.09192177053308237,,,,,,,
20,real_time,10,mlp,40,7.625971726548037,5.9017453125052075,-0.4775214018807352,-0.1812297173398265,-0.18537926534209848,-0.1861238383506616,,,,,,,
20,real_time,20,ridge,40,6.759385345389241,5.030456054774416,-0.16080109849697477,-0.04699927133604809,-0.05067728050816456,-0.05133724307596865,,,,,,,
20,real_time,20,elastic_net,40,6.668812636866147,4.999188760433713,-0.1299010977590096,-0.03296995432258676,-0.03659867983418241,-0.03724979920186766,,,,,,,
20,real_time,20,random_forest,40,6.419592563309333,4.9410016421892795,-0.04702808062254071,0.005633146711487402,0.0021400302337875043,0.0015132438359343192,,,,,,,
20,real_time,20,xgboost,40,6.976221496787153,5.408670843271032,-0.23647096026649317,-0.08058624425035155,-0.08438224127386817,-0.08506337495945249,,,,,,,
20,real_time,20,mlp,40,7.000537212603539,5.261731922882486,-0.245105454931845,-0.08435264244203555,-0.08816187046529977,-0.0888453782516978,,,,,,,
20,ex_post,5,ridge,40,6.772220328028394,5.205138960021466,-0.16521363201968287,-0.04898735409566912,-0.05267234721402625,-0.05333356294430991,,,,,,,
20,ex_post,5,elastic_net,40,6.896495910087466,5.250813793913366,-0.2083711969235682,-0.06823709903726627,-0.07198971468449633,-0.07266306424471591,,,,,,,
20,ex_post,5,random_forest,40,7.5616554885371,5.846869616287384,-0.45270413442062063,-0.17126741294502534,-0.175381964316504,-0.17612025771421203,,,,,,,
20,ex_post,5,xgboost,40,7.821948369684302,6.3599508638382405,-0.5544375855099832,-0.21158564351919695,-0.2158418290120312,-0.21660553648948833,,,,,,,
20,ex_post,5,mlp,40,6.818393370756805,5.256786732483152,-0.18115666563468436,-0.05613935677369253,-0.05984947419936182,-0.06051519810284245,,,,,,,
20,ex_post,10,ridge,40,6.706234368536404,5.237302463337992,-0.14261745137136628,-0.038766417135232434,-0.04241550507111502,-0.04307027816482156,,,,,,,
20,ex_post,10,elastic_net,40,7.017337294701964,5.4804955279827094,-0.25108870246644455,-0.086954901792057,-0.09077327130569257,-0.09145841939291,,,,,,,
20,ex_post,10,random_forest,40,6.983675715317982,5.491912928337468,-0.2391147550411532,-0.08174087014773135,-0.08554092326255325,-0.08622278475176937,,,,,,,
20,ex_post,10,xgboost,40,7.245580621451699,5.885765570343194,-0.333797150247108,-0.12230879635249914,-0.12625136074575227,-0.126958793707157,,,,,,,
20,ex_post,10,mlp,40,8.708043199086891,5.497606566659767,-0.9265689138457769,-0.3488378629613076,-0.35357620248788546,-0.3544264251422484,,,,,,,
20,ex_post,20,ridge,40,6.651482381970552,5.090868531159538,-0.12403617640323228,-0.0302855735215819,-0.033904869057935105,-0.03455429636059715,,,,,,,
20,ex_post,20,elastic_net,40,7.08053522063909,5.592797594230135,-0.27372470862334874,-0.09674398453036481,-0.10059674216353764,-0.10128806067355978,,,,,,,
20,ex_post,20,random_forest,40,6.848577184651306,5.312274866265878,-0.19163735313632535,-0.06081469773131998,-0.06454123918649501,-0.06520991013120891,,,,,,,
20,ex_post,20,xgboost,40,7.322850024276642,6.0056199809768085,-0.3623969982751598,-0.13427748940969697,-0.13826209868688455,-0.13897707596051534,,,,,,,
20,ex_post,20,mlp,40,12.540014519852113,8.98222834340368,-2.995208762203699,-0.9423934860859107,-0.9492169302403339,-0.9504412930721509,,,,,,,
