event_date,event_date_precision,date_is_exact,disaster_type,disaster_group,disaster_subgroup,financial_damage,damage_source,population_affected,total_deaths,deaths_available,no_homeless,homeless_available,mag_area_km2,mag_wind_kph,mag_area_available,mag_wind_available,dis_no,event_name,log_financial_damage,log_population_affected,disaster_Drought,disaster_Flood,disaster_Other,disaster_Storm,asof_date,days_since_last_disaster,disasters_trailing_365d,date,aspi_close,trading_volume,price_source,volume_source,log_return,lag_return_t-1,lag_return_t-2,lag_return_t-3,lag_return_t-5,sma_5,ema_5,price_to_sma_5,price_to_ema_5,sma_10,ema_10,price_to_sma_10,price_to_ema_10,sma_20,ema_20,price_to_sma_20,price_to_ema_20,rolling_std_5,rolling_std_10,rolling_std_20,rolling_std_30,squared_return,garch_cond_vol,vol_ratio_1_30,vol_ratio_5_30,vol_ratio_10_30,vol_cv_30,log_vol_change_1,date_macro,gdp_growth_pct,inflation_cpi_pct,gdp_current_usd,date_gspc,sp500_log_return,damage_to_gdp,Y1_aspi_log_return,Y1_horizon_end_date,Y2_abnormal_volume,Y3_recovery_days,Y1_car_5,Y1_car_10,hz_precip_max3d,hz_precip_mean3d,hz_precip_spread3d,hz_districts_wet,hz_wind_max3d,hz_precip_anom,di_districts_hit,di_affected_log,di_houses_destroyed_log,di_houses_damaged_log,di_deaths_log,di_records,di_available,fx_logret_1,fx_logret_5,fx_vol_30,days_to_election,election_within_5d,log_damage_x_flood
2000-09-18,exact_day,1.0,Flood,Natural,Hydrological,0.0,missing_zero_filled,100000.0,2.0,1.0,,0.0,8000.0,,1.0,0.0,2000-0613-LKA,,0.0,11.51293546492023,0.0,1.0,0.0,0.0,2000-09-17,520.0,0,2000-09-15,496.8,,local_archive,missing,-0.0006036824813579186,-0.0012062727638815322,-0.005610112890766788,-0.0003995205806237549,0.004597709248629328,499.48,498.51914708550146,-0.004764955553775874,-0.0028467253340181964,498.43,498.86888752265173,-0.0026683787091467126,-0.0035457964344818294,498.475,499.7186796762801,-0.002758413160138473,-0.005240307762712559,0.0036384864352015526,0.0030000695230818293,0.004415850352049076,0.004389366090180428,3.6443253829845374e-07,,,,,,,,,,,2000-09-15,-0.010221718934521251,,2.7688254183145258,2000-09-25,,2.0,0.024260485931253625,0.05692354997602943,24.619999999999997,15.572857142857144,5.716425789732934,0.0,9.89,0.6424429766365816,7.0,10.548310710265884,0.6931471805599453,3.828641396489095,1.0986122886681098,16.0,1.0,0.0012746974320005163,0.003189795368100081,0.0011625302314538686,22.0,0.0,0.0
2000-11-18,exact_day,1.0,Flood,Natural,Hydrological,5609000.0,emdat_cpi_adjusted,300000.0,3.0,1.0,,0.0,7600.0,,1.0,0.0,2000-0741-LKA,,15.539883186775358,12.611541086966115,0.0,1.0,0.0,0.0,2000-11-17,61.0,1,2000-11-17,477.7,,local_archive,missing,-0.014959763715390399,-0.005347606326595353,-0.0018444517986477488,-0.005513030808649363,-0.004260937764486876,488.73999999999995,488.23490115578863,-0.007856938249375944,-0.006830525937195464,491.0400000000001,490.93357406616735,-0.012504072987944204,-0.012290000898072972,496.395,495.4794833164383,-0.023156961693812428,-0.021352010875658634,0.0019323267533202211,0.002748049194835149,0.0034767710432872215,0.005610544280311554,0.00022379453042031114,,,,,,,,,,,2000-11-17,-0.0033576006531063148,,-6.678571309447586,2000-11-27,,90.0,-0.07203286544195688,-0.09432678240116973,120.78999999999999,75.19571428571429,31.51134285573099,5.0,13.13,10.486888696472441,6.0,9.75010324563677,6.385194398997726,5.579729825986222,0.0,23.0,1.0,0.006222795438269086,0.007472014838700836,0.0030087311087344344,-39.0,0.0,15.539883186775358
2000-12-24,exact_day,1.0,Storm,Natural,Meteorological,0.0,missing_zero_filled,375000.0,5.0,1.0,,0.0,,150.0,0.0,1.0,2000-0831-LKA,Cyclone 'BOB 06' (4B),0.0,12.834683971615659,0.0,0.0,0.0,1.0,2000-12-23,36.0,2,2000-12-22,449.3,,local_archive,missing,0.011415904615787151,-0.004492370538105083,0.004042224232957293,-0.0076216463991795455,0.011527505171067414,447.26000000000005,445.6047859580209,-0.006841658095962266,-0.003152537859306692,444.85,445.4743314437409,-0.0014611666853996397,-0.0028606169958454997,442.71999999999997,449.5289266375681,0.003342970726418537,-0.011854468804550433,0.00975021136089916,0.007957928354281007,0.010934343773222884,0.009467669674755702,0.0001303228781967504,,,,,,,,,,,2000-12-22,0.02409435072348548,,0.3345603655922254,2001-01-04,,6.0,-0.0004452359824218957,0.009965756269627132,26.759999999999998,8.182857142857143,8.658211351631685,0.0,10.82,-0.016788482834994567,13.0,13.804972224271314,9.204221690968005,11.196034262467789,2.0794415416798357,100.0,1.0,-0.006064299967511365,-0.0018231545615150252,0.0031088120103358813,-75.0,0.0,0.0
2001-09-01,month_only,0.0,Drought,Natural,Climatological,0.0,missing_zero_filled,1000000.0,,0.0,,0.0,,,0.0,0.0,2001-9498-LKA,,0.0,13.815511557963774,1.0,0.0,0.0,0.0,2001-08-31,251.0,3,2001-08-31,407.3,45529800.0,local_archive,local_archive,0.01210339586883753,0.008234606730841146,0.019226496623830518,0.003582398918246864,0.0049013383300883055,394.34000000000003,395.9359682287903,0.020439214890703328,0.016325952401158084,390.02,394.39746282497936,0.03174196195066914,0.020290539187803658,397.775,398.11600200709444,0.011627176167431363,0.010760677720332401,0.006565041103013543,0.007513177369801571,0.009800339145934018,0.008202294846528572,0.0001464921915577934,,-0.7795590441905397,1.0630585060295097,0.7589832987183527,1.1447365151868971,-2.7252549503775243,2001-07-01,6.00003315828934,6.17627591012045,16595882818.6857,2001-08-31,0.004021844613325859,0.0,2.3069359910085026,2001-09-10,-0.08821137024686221,4.0,0.0012268434859880144,0.0031866677291548045,4.21,2.1,1.175428999698975,0.0,9.73,-0.17048929663608547,9.0,14.061491343181242,0.6931471805599453,1.0986122886681098,0.0,68.0,1.0,0.0,0.0005557099337229548,0.0010032774905812407,95.0,0.0,0.0
2002-12-16,exact_day,1.0,Flood,Natural,Hydrological,0.0,missing_zero_filled,500000.0,2.0,1.0,,0.0,14150.0,,1.0,0.0,2002-0788-LKA,,0.0,13.122365377402328,0.0,1.0,0.0,0.0,2002-12-15,471.0,0,2002-12-13,781.3,1454700.0,local_archive,local_archive,-0.003577364234177745,-0.0019111938033798802,-0.0025425897247143654,-0.0015224565234551268,-0.002276752817531455,787.1600000000001,787.2184484306083,-0.0038873926520657243,-0.003961350800181562,791.8100000000001,790.6999456059223,-0.00973718442555671,-0.00834696605532792,795.4300000000001,795.2130352158831,-0.014243868096501355,-0.013974915807141053,0.0005639949342998948,0.0034518247907562517,0.006477491817311836,0.007429106310440918,1.2797534863974123e-05,0.0052654822485196815,-0.22290290361117726,-0.2581351463872117,-0.3247753635594617,0.595565587753389,-0.2765143895413702,2002-07-01,-1.54540813366026,14.15845579912,15749753804.8344,2002-12-13,-0.013511798295627903,0.0,2.477689632693808,2002-12-24,-0.5306346918472747,0.0,0.024776896326938077,0.0450470255193854,77.67,42.01857142857143,23.402832042704738,2.0,10.24,1.0426929944239456,9.0,12.061029532289096,4.343805421853684,6.0473721790462776,0.0,59.0,1.0,0.0,-0.0005169294506424947,0.0007626564109964378,-376.0,0.0,0.0
2003-05-17,exact_day,1.0,Flood,Natural,Hydrological,50753000.0,emdat_cpi_adjusted,695000.0,235.0,1.0,,0.0,13490.0,,1.0,0.0,2003-0229-LKA,,17.74248130714281,13.451668563394815,0.0,1.0,0.0,0.0,2003-05-16,152.0,1,2003-05-13,844.8,8720800.0,local_archive,local_archive,0.0005920312765426831,-0.00943069585279771,-0.00011732269621011736,0.005411141305925364,0.0119862396316238,847.22,844.5549615108591,-0.0034465664172235178,-0.00030188859515201116,835.95,835.9094867516312,0.009988635683952252,0.0100375858646784,818.785,817.5386466611101,0.031162026661455622,0.03273405293827425,0.00864828515309361,0.0071681353731533805,0.00823184908587514,0.0101687417879553,3.505010324047589e-07,0.009696814787668805,0.42332970800978553,0.3005957487412234,0.011239975509186984,0.7718762990966825,0.664641164227994,2002-07-01,-1.54540813366026,14.15845579912,15749753804.8344,2003-05-16,-0.0025066462131605963,0.0032224630701478854,-1.0951186698002648,2003-05-26,-0.8247156612376652,1.0,-0.011069564916548603,0.011299555253933466,48.81999999999999,27.035714285714285,19.145923723813777,0.0,10.42,0.5087282116166989,16.0,13.239132565958048,8.969796305981806,10.137966613514083,5.883322388488279,517.0,1.0,0.0,0.0005142710321623215,0.0006379192178597038,321.0,0.0,17.74248130714281
2004-12-11,exact_day,1.0,Flood,Natural,Hydrological,0.0,missing_zero_filled,200000.0,6.0,1.0,,0.0,23460.0,,1.0,0.0,2004-0652-LKA,,0.0,12.206077645517674,0.0,1.0,0.0,0.0,2004-12-10,574.0,0,2004-12-10,1521.06,2704200.0,local_archive,local_archive,-0.0013796639750791914,0.002939003052456533,-9.876445672748167e-05,0.009758821447407164,0.005289894509322696,1510.534,1512.5899317338312,0.008358633436917007,0.006988059383717271,1501.0040000000001,1503.395057375693,0.014760786780048551,0.013146872159343292,1485.4395,1495.8544905038686,0.025393494652592885,0.01825412141988081,0.004587719836092288,0.005902291970179199,0.007264259309142173,0.00857006416145367,1.9034726841313156e-06,0.0071063944364965215,-0.22708418125215757,-0.14750698350448732,-0.2438196854121406,0.5720866669534623,-0.2139769660100401,2004-07-01,5.9402690780223,6.31463787051174,18881765437.2151,2004-12-10,-0.00104321848187489,0.0,0.8212352873879919,2004-12-20,-0.4715255079837839,0.0,0.011959285399947547,-0.022586270038322497,30.509999999999998,14.731428571428571,7.2887960335742425,0.0,8.61,-0.28954199559064064,16.0,12.545867926148318,6.8658910748834385,8.448057452581375,2.3978952727983707,123.0,1.0,9.53061711468201e-05,0.002672012277810989,0.0019265858861613186,-231.0,0.0,0.0
2004-12-26,exact_day,1.0,Other,Natural,Geophysical,2243914000.0,emdat_cpi_adjusted,1019306.0,35399.0,1.0,480000.0,1.0,,,0.0,0.0,2004-0659-LKA,,21.531487499897434,13.834633542590982,0.0,0.0,1.0,0.0,2004-12-25,15.0,1,2004-12-23,1572.55,8839400.0,local_archive,local_archive,-0.00514397574717255,0.02509300020129582,0.0013827355044046764,0.0013586296184395384,0.0010872698810104394,1545.274,1550.4622285753048,0.02289949872967534,0.019476625014234195,1534.943,1537.2632954905416,0.029784167881152568,0.028229844969797746,1516.2585000000001,1522.0597971017862,0.042473958101471476,0.03850059177030807,0.010321714568680668,0.007741056032999204,0.0067962610891220444,0.007357482698361169,2.646048648749939e-05,0.02049746325318045,2.511502406983718,0.3250889560115193,0.16345318665469644,0.6698570535854033,2.062827835049734,2004-07-01,5.9402690780223,6.31463787051174,18881765437.2151,2004-12-23,0.0004629157457973036,0.11884026456431598,1.3429667434170414,2005-01-04,-0.43991276178932226,12.0,-0.030868043394916486,-0.0066994444408900716,24.189999999999998,6.918571428571428,8.483977896740475,0.0,9.1,-0.691869903681766,19.0,13.801868932658726,10.953382174406809,10.793803850638048,10.34051592510041,136.0,1.0,-0.0023929181076127494,-0.00858783903928105,0.0018553491514470275,-246.0,0.0,0.0
2005-11-21,exact_day,1.0,Flood,Natural,Hydrological,0.0,missing_zero_filled,145000.0,6.0,1.0,,0.0,29870.0,,1.0,0.0,2005-0646-LKA,,0.0,11.884495917930655,0.0,1.0,0.0,0.0,2005-11-20,330.0,2,2005-11-18,2328.92,21862300.0,local_archive,local_archive,-0.07096608786830536,-0.020275418856836737,0.04669117747797887,-0.015072569542260859,-0.004172663523091911,2481.0379999999996,2493.8402149456606,0.007723380294860638,0.002550197489087358,2490.445,2488.158965773882,0.003916970661869579,0.00483933478196108,2478.3869999999997,2475.2501091940117,0.008801288902822835,0.010079745361212034,0.026839368164279124,0.018999221888768295,0.014663581273591915,0.012991413759313331,0.0050361856273320365,0.0286801069467998,0.16152787894791265,0.02170853025322117,0.013185432201738179,0.5354619402339472,-0.443913527306894,2005-07-01,5.44506127885352,7.57592582995856,20662525941.2985,2005-11-18,0.004391670522724698,0.0,5.316107134688225,2005-11-28,0.39398780669085975,90.0,-0.02217701529781092,-0.06261787336111573,111.94999999999999,77.96571428571428,30.496610662576284,5.0,12.13,2.0981096626398803,17.0,12.586671125908211,6.261491684321042,9.032886946579088,2.70805020110221,267.0,1.0,0.0,-0.001965602598459067,0.001439654733443916,-4.0,1.0,0.0
2006-10-26,exact_day,1.0,Flood,Natural,Hydrological,4791000.0,emdat_cpi_adjusted,333002.0,25.0,1.0,,0.0,6890.0,,1.0,0.0,2006-0602-LKA,,15.38224992458993,12.715906777931009,0.0,1.0,0.0,0.0,2006-10-25,339.0,1,2006-10-25,2507.42,19334700.0,local_archive,local_archive,0.0015206457491475911,0.012872022074342187,0.0072605033379267115,-0.002527664193824894,-0.00614669037984081,2468.552,2476.20625475466,0.014201847884913965,0.011066826599246626,2467.599,2462.111221314215,0.014593538091075553,0.01685495696804229,2427.5090000000005,2426.6013777516255,0.03134942033170618,0.03173517618280064,0.00758119178633979,0.00590943559943086,0.006238700924528981,0.00701222291331509,2.3123634944006385e-06,0.010762531831178455,0.069752399429166,-0.20248383915245838,-0.10955451964025364,0.4748113778600197,0.025697245436597467,2006-07-01,6.24174804376447,11.6396860971118,24405791044.7761,2006-10-25,0.003507733603266655,0.00019630586819374912,-0.2744517691729472,2006-11-02,-0.3532357178506773,6.0,-0.00452482225066183,0.028515682842910724,119.5,85.24857142857142,16.914582888316055,7.0,8.0,3.4654630950570535,17.0,12.888474804553939,6.535241271013659,8.047829357457841,2.9444389791664403,544.0,1.0,-0.0009398496932423847,-0.006093292815660049,0.004651689676199028,-343.0,0.0,15.38224992458993
2007-01-12,exact_day,1.0,Flood,Natural,Hydrological,0.0,missing_zero_filled,35000.0,18.0,1.0,,0.0,10420.0,,1.0,0.0,2007-0012-LKA,,0.0,10.463131911491967,0.0,1.0,0.0,0.0,2007-01-11,78.0,1,2007-01-11,2766.51,15124000.0,local_archive,local_archive,0.012680775797275992,0.005984963706696058,-0.0016742564050799395,-0.007202208637206132,-0.0003314919170005954,2730.234,2727.9929341526777,0.0005186368640930361,0.0013405701318132124,2730.7650000000003,2728.217312300161,0.0003240850091457137,0.0012582163760792575,2723.947,2722.038458760248,0.002827881746597871,0.003531008611880493,0.004715072877640357,0.0052354813486546635,0.005446164299467397,0.006984639082916837,0.00016080207482078058,0.007490111702641628,1.051299483925293,0.10250599627184531,-0.21199110544937527,0.6277816443301417,1.2211061811126405,2006-07-01,6.24174804376447,11.6396860971118,24405791044.7761,2007-01-11,0.006319861629223327,0.0,3.874338313690899,2007-01-22,0.6505652418608283,0.0,0.054472932387275096,0.051521353584899565,137.57,62.53571428571428,50.11592290451637,5.0,8.76,3.1869918699186988,12.0,10.99619913288327,6.748759547491679,7.983440063006542,3.044522437723423,238.0,1.0,0.00046093570763085516,-0.001381533721924465,0.0024753303603945094,-421.0,0.0,0.0
2007-05-02,exact_day,1.0,Flood,Natural,Hydrological,78000.0,emdat_cpi_adjusted,121000.0,15.0,1.0,,0.0,3340.0,,1.0,0.0,2007-0187-LKA,,11.264476926102367,11.703554089007538,0.0,1.0,0.0,0.0,2007-05-01,110.0,2,2007-04-30,2811.29,2465400.0,local_archive,local_archive,-0.004737470113546934,-0.006855202009178986,0.009286783982881876,0.011378359917097057,0.007213799027065507,2811.808,2819.1943907863597,0.004563611740204143,0.0019316189161830977,2815.303,2814.5170983368066,0.0033165169077715717,0.003596674423891555,2808.955,2817.2824170625863,0.005583927118803844,0.0026115887043673958,0.007560856269131368,0.009710982812743808,0.007818331841006434,0.010101068990163529,2.2443623076750397e-05,0.010116525123526796,-0.35883249484462953,-0.4301246648083382,-0.43535453985312667,0.5729422867144485,-0.06139714620692909,2006-07-01,6.24174804376447,11.6396860971118,24405791044.7761,2007-05-01,0.0026476879873137942,3.1959627883766295e-06,-3.664364485528878,2007-05-10,-0.45625571564724376,90.0,-0.04032131183140859,-0.11980773193714021,14.3,6.8828571428571435,5.366347964509055,0.0,6.61,-0.6879657543261487,20.0,12.115283231647444,4.394449154672439,7.719573989259581,2.833213344056216,222.0,1.0,-0.000451977408824376,0.0063492276786587445,0.0031981659707229783,374.0,0.0,11.264476926102367
2007-12-16,exact_day,1.0,Flood,Natural,Hydrological,0.0,missing_zero_filled,250000.0,,0.0,,0.0,7950.0,,1.0,0.0,2007-0609-LKA,,0.0,12.429220196836383,0.0,1.0,0.0,0.0,2007-12-15,228.0,2,2007-12-14,2507.02,4777100.0,local_archive,local_archive,-0.0023745031077044526,-0.004589567998449942,0.0003724143985168653,0.005865958590116902,-0.007158402612940419,2516.77,2519.3116424344103,-0.0015058984333093939,-0.0025132430334390277,2523.686,2528.4116839742414,-0.004242207628048833,-0.006103311447281934,2554.1699999999996,2548.17212247965,-0.016126569492241893,-0.013810732080925647,0.004989667466874505,0.00579522187055428,0.005103470050116216,0.005152443908710017,5.638265008498103e-06,0.007252582507229164,-0.7328629237967885,-0.43902635863601425,-0.40568122469028667,0.7860634018605973,-1.0597818240371324,2007-07-01,7.66829190107919,10.0201836057035,28267410542.5164,2007-12-14,-0.013841622651711093,0.0,0.9094700275659802,2007-12-26,-0.6935544033948444,3.0,0.006270635142932276,0.009108695530885473,33.5,23.67285714285714,7.3629109150428524,0.0,9.95,1.362332436596077,16.0,12.61978035652674,7.066466970136958,8.790116892892472,1.791759469228055,577.0,1.0,-0.00027539358507004804,0.005708513798614044,0.0026598629524636546,146.0,0.0,0.0
2008-03-12,exact_day,1.0,Flood,Natural,Hydrological,0.0,missing_zero_filled,54323.0,8.0,1.0,,0.0,43220.0,,1.0,0.0,2008-0132-LKA,,0.0,10.902721397223958,0.0,1.0,0.0,0.0,2008-03-11,87.0,2,2008-03-11,2571.52,19842900.0,local_archive,local_archive,0.0015839753300610844,0.0,0.00047529258659154323,0.0015521171181352893,0.0010583683161540123,2559.384,2559.468243279598,0.003151539589213659,0.0031185214902975655,2545.0510000000004,2545.944535438962,0.00880100241606141,0.008446949358749567,2521.0855,2524.2851334208717,0.018390689248738212,0.01709983789376124,0.00473077307223787,0.003785264597785385,0.004252265158707067,0.004578563250017063,2.5089778462421213e-06,0.006107567940359427,0.1887692886964476,0.2772645072515194,0.511709005670671,0.6791980718603505,-0.12338701465926057,2007-07-01,7.66829190107919,10.0201836057035,28267410542.5164,2008-03-11,0.03645713261332977,0.0,-1.5978561071858748,2008-03-19,0.8075161599444405,0.0,-0.013838151790175909,-0.0025932675278677216,75.53,47.940000000000005,17.28940716161199,4.0,12.46,2.5949574430587097,19.0,12.43068312038575,5.638354669333745,7.409741954080923,2.4849066497880004,512.0,1.0,0.0002791606587709983,-0.0031583862762320854,0.0007477498690114485,59.0,0.0,0.0
2008-04-27,exact_day,1.0,Storm,Natural,Meteorological,0.0,missing_zero_filled,50000.0,9.0,1.0,,0.0,,,0.0,0.0,2008-0184-LKA,Cyclone 'Nargis',0.0,10.819798284210286,0.0,0.0,0.0,1.0,2008-04-26,46.0,3,2008-04-25,2651.64,33009281.0,local_archive,local_archive,-0.009705206836890034,-0.0014070395340627178,0.003085384609193087,0.003778157921775087,0.009053408154253349,2673.308,2669.2111032443877,0.0015680946602487644,0.003105373248873944,2647.924,2652.568663259871,0.01116950486494317,0.00939894114163664,2617.529,2625.6285755199533,0.02291130298842914,0.01975581198485954,0.004845164487864234,0.004440095050423301,0.007276821649322582,0.006627795958637648,9.419103974681706e-05,0.006216257602147489,-0.7470533644779014,-0.18437067481569924,-0.4275179004535913,2.861731220568069,-0.10030218641760247,2007-07-01,7.66829190107919,10.0201836057035,28267410542.5164,2008-04-25,0.006473736528735971,0.0,0.280870352220158,2008-05-06,-0.6420140895867328,90.0,-0.002318233140827387,-0.014338783288040753,55.22,37.72428571428572,16.61812951482292,1.0,8.38,1.0337502111717298,13.0,11.436886398684639,4.948759890378168,6.639875833826536,2.70805020110221,353.0,1.0,0.00027825441908413997,-0.00046358537754823944,0.0007393768277465697,13.0,0.0,0.0
2008-05-29,exact_day,1.0,Flood,Natural,Hydrological,0.0,missing_zero_filled,362582.0,25.0,1.0,,0.0,40670.0,,1.0,0.0,2008-0224-LKA,,0.0,12.801008692585505,0.0,1.0,0.0,0.0,2008-05-28,32.0,3,2008-05-28,2520.77,5356500.0,local_archive,local_archive,-0.01500916030622396,-0.005121899669478558,-0.0053317328761699374,-0.005072618602536576,-0.003792845222491776,2580.488,2578.504418278602,-0.008369734716844213,-0.007606897292693593,2596.245,2593.4477209347097,-0.014388087410856842,-0.013325011588147473,2618.8219999999997,2607.3540997513555,-0.022885098719958696,-0.018587463726533082,0.004293437736658756,0.0034503923191250064,0.003742499304620251,0.004562865151609896,0.00022527489309792892,0.007778805007341152,-0.6088820138971172,-0.5532477866310712,-0.5318335664767868,1.0952325527975562,-0.2796495839688855,2007-07-01,7.66829190107919,10.0201836057035,28267410542.5164,2008-05-28,0.003955058916479667,0.0,0.3921862514105315,2008-06-05,-0.04398181608056795,1.0,-0.0016993369530113104,-0.024407125510937232,18.55,6.381428571428572,7.135193126494961,0.0,9.89,-0.3099267454029003,15.0,13.074076086772802,6.587550014824796,8.050065422915965,3.1780538303479458,548.0,1.0,0.0002782028116426384,0.0002782028116426384,0.0006122600803640505,-19.0,0.0,0.0
2008-11-22,exact_day,1.0,Flood,Natural,Hydrological,0.0,missing_zero_filled,360000.0,15.0,1.0,,0.0,103400.0,,1.0,0.0,2008-0560-LKA,,0.0,12.793862088206213,0.0,1.0,0.0,0.0,2008-11-21,177.0,4,2008-11-21,1669.88,4380400.0,local_archive,local_archive,-0.02478199722976825,-0.003347625089952073,-0.020977594494510903,-0.0187296142735058,-0.01565095545133128,1750.852,1750.0560422822655,-0.02231599244253657,-0.021871323750495053,1808.3239999999998,1787.809870468626,-0.053388662651162044,-0.04252682107001504,1824.55,1843.6135052858742,-0.061807020909265264,-0.07150821194783552,0.01002073269525307,0.00845464012668199,0.022361402019408082,0.02254115007103021,0.0006141473866962412,0.015108968151288635,-0.22426192745493312,0.10810564061412253,-0.08674435159206872,0.4819252544680263,-0.3304719489719637,2008-07-01,6.79682611892866,15.8421114924843,32350238760.4239,2008-11-21,0.06132800111506746,0.0,-1.1355990905873918,2008-12-01,-0.27611956746957755,34.0,-0.020191952600353752,-0.07534235526878241,37.690000000000005,26.34714285714286,8.551658151660247,0.0,10.11,0.9319742373247915,16.0,11.519036752951077,3.871201010907891,5.365976015021851,1.0986122886681098,198.0,1.0,0.0009095043828403909,0.00027276446957320307,0.003322658978190406,84.0,0.0,0.0
2009-08-15,exact_day,1.0,Flood,Natural,Hydrological,0.0,missing_zero_filled,20000.0,,0.0,,0.0,,,0.0,0.0,2009-0336-LKA,,0.0,9.90353755128617,0.0,1.0,0.0,0.0,2009-08-14,266.0,1,2009-08-14,2501.19,11014700.0,local_archive,local_archive,-0.00383879162554445,0.0007769435433370358,-0.006380912352784533,0.0008518748695025215,0.0007553662006534296,2519.3779999999997,2515.874640817405,-0.0034008394135376374,-0.0020130735988338477,2519.172,2512.255103438274,-0.0033193446100544532,-0.0005752216151522216,2493.0815000000002,2488.32769314013,0.007111079200579518,0.009035106960328942,0.0031965566553790073,0.0038017817339616555,0.006610402773632307,0.006592517101723873,1.47363211443502e-05,0.006305230751631249,-0.3744337022099208,-0.17513720893409246,-0.13242732298204607,0.6209733167847853,-0.2321138820564914,2009-07-01,5.95008814473897,22.5644955300126,40713826215.0093,2009-08-14,-0.008567949977279207,0.0,1.1926389446093482,2009-08-24,-0.4048434936124181,1.0,0.011634485772232443,0.04168281398237142,25.589999999999996,19.785714285714285,4.782171254227717,0.0,8.96,3.2970235593186423,13.0,9.38252741428954,2.0794415416798357,3.9512437185814275,1.6094379124341003,124.0,1.0,0.0016552689234828448,0.0006095171941933084,0.0013701728036066808,-7.0,0.0,0.0
2009-11-21,exact_day,1.0,Flood,Natural,Hydrological,0.0,missing_zero_filled,60000.0,,0.0,60000.0,1.0,,,0.0,0.0,2009-0501-LKA,,0.0,11.002116507732017,0.0,1.0,0.0,0.0,2009-11-20,98.0,2,2009-11-20,2933.35,13858900.0,local_archive,local_archive,-0.009304255023735119,-0.0034155675714032103,-0.004148373054398382,0.0013551455668502693,0.01755598275533287,2974.7079999999996,2960.249089075261,-0.004685501904724609,0.00017596861245938733,2927.8199999999997,2950.52541150757,0.011254107151396076,0.003472123457223697,2951.515,2956.197219713465,0.0031356777790390034,0.0015468454729750114,0.008852691896701766,0.013139539233069793,0.013007007099294718,0.012670951257471322,8.65691615467002e-05,0.008479622553127886,-0.2738365643720211,-0.39761564970827057,-0.43461805621121463,0.6334746196449099,0.3263870319005645,2009-07-01,5.95008814473897,22.5644955300126,40713826215.0093,2009-11-20,-0.0032201022062016984,0.0,-0.6050192466397898,2009-11-30,-0.6683963711325998,6.0,-0.006827763007006097,0.039874778705051676,62.489999999999995,47.298571428571435,11.393661144939948,3.0,6.88,0.2350685294153041,14.0,10.97748264243684,3.8918202981106265,5.288267030694535,0.6931471805599453,129.0,1.0,-0.00017508535455739647,-0.002011633161858911,0.0006178728587916507,66.0,0.0,0.0
2009-12-14,exact_day,1.0,Flood,Natural,Hydrological,0.0,missing_zero_filled,300000.0,3.0,1.0,,0.0,15650.0,,1.0,0.0,2009-0551-LKA,,0.0,12.611541086966115,0.0,1.0,0.0,0.0,2009-12-13,23.0,2,2009-12-11,3056.64,6826800.0,local_archive,local_archive,-0.0011019104709245097,0.002378635942169989,1.9654667492791117e-05,0.008986495270505046,-0.0014254932521416822,3038.2259999999997,3034.5696577555514,0.007169973530606555,0.00838350906838814,2979.048,3001.7110653017944,0.027177138468396755,0.019421900852520713,2959.4965,2975.48820689441,0.0339630406726279,0.028406025239739785,0.0047634152957076415,0.006903751716257196,0.010568883502217715,0.011579587491788024,1.2142066859330747e-06,0.0074325255510564224,0.41646827709603507,-0.11014601278157243,0.013313841873295207,0.40923983526428215,0.6012019129967482,2009-07-01,5.95008814473897,22.5644955300126,40713826215.0093,2009-12-11,0.0036763280289124935,0.0,6.202119311529862,2009-12-21,-0.4592020692290778,1.0,0.056490064031774395,0.09360930422047459,88.19,40.50428571428571,21.292866455805374,1.0,10.93,0.5823211402092254,13.0,12.86405886099653,4.8283137373023015,7.227662498728654,1.3862943611198906,244.0,1.0,0.00043754102645092923,0.0,0.001070822603741163,43.0,0.0,0.0
2010-05-14,exact_day,1.0,Flood,Natural,Hydrological,155025000.0,emdat_cpi_adjusted,606072.0,28.0,1.0,,0.0,19210.0,,1.0,0.0,2010-0191-LKA,,18.859096958650788,13.314755719842687,0.0,1.0,0.0,0.0,2010-05-13,151.0,3,2010-05-13,4242.67,41296200.0,local_archive,local_archive,0.0031302846119352205,0.003360718789493816,-0.0016166389290720492,-0.00025813571687786154,-3.79175672133927e-05,4221.88,4219.1754524365415,0.0017835656153182278,0.0024257222006607293,4209.777,4194.100473172226,0.004663667457919907,0.008418855736440412,4126.2785,4122.432706002801,0.024993829185305794,0.025950040091964555,0.0018460588605496622,0.0037675247898187195,0.004264116665394098,0.006309734189622534,9.798681751718433e-06,0.005795023650140376,0.6318397628564294,0.28202896428792323,0.5652526272693583,0.6368758864395277,0.49141709998912714,2009-07-01,5.95008814473897,22.5644955300126,40713826215.0093,2010-05-13,-0.01221949988922511,0.0038076745521610903,-0.39466930270937683,2010-05-21,-0.29734859038213346,0.0,-0.0016465452226523646,0.003794642421856366,64.64,32.440000000000005,27.771718828093206,2.0,8.85,0.3402559621045096,17.0,13.435101898689071,6.576469569048224,8.352790135124629,3.044522437723423,461.0,1.0,-0.00044004401150133103,-0.00017604084192994666,0.0007190025109142942,-36.0,0.0,18.859096958650788
2010-11-10,exact_day,1.0,Flood,Natural,Hydrological,0.0,missing_zero_filled,164193.0,7.0,1.0,,0.0,11880.0,,1.0,0.0,2010-0583-LKA,,0.0,12.008803934528936,0.0,1.0,0.0,0.0,2010-11-09,180.0,3,2010-11-09,6592.38,24355300.0,local_archive,local_archive,-0.007226140959994954,-0.0027461471963119237,-0.0024689963162475032,-0.0053386054156635,0.011076411334914764,6687.323999999999,6661.179297372864,-0.00704826026075589,-0.003150988201314875,6642.69,6661.942755062413,-0.00037635355556253636,-0.0032652269558881564,6659.166,6652.185898679221,-0.00284960609181395,-0.0018033017810887841,0.00701606490222209,0.008726701903172769,0.012941734436284854,0.013116541161036289,5.2217113173716795e-05,0.007390758975790147,-0.32346397254959336,-0.33765183648936137,-0.34876724019438876,0.4899527674791991,0.35591154353000776,2010-07-01,3.53891205317842,3.46496322106074,42066224093.0065,2010-11-09,-0.008084894540661062,0.0,0.456638877646765,2010-11-18,-0.5660220388541243,2.0,-0.0041619288220334505,-0.03257864168336644,69.99,49.45142857142857,24.90269291232806,5.0,8.24,2.727464404683749,13.0,12.695523446748467,4.709530201312334,6.673297967767654,0.0,196.0,1.0,0.0008966198036348683,-0.0006271558687846893,0.0006898171253256955,-216.0,0.0,0.0
2011-01-05,exact_day,1.0,Flood,Natural,Hydrological,286249000.0,emdat_cpi_adjusted,1060324.0,47.0,1.0,1060273.0,1.0,22133.0,,1.0,0.0,2011-0024-LKA,,19.472372622870303,13.874086022868504,0.0,1.0,0.0,0.0,2011-01-04,56.0,2,2011-01-04,6701.9,115145300.0,local_archive,local_archive,0.006571929131838751,0.003329357131050888,0.003281512378657876,-0.00494531983915408,0.002951160249014889,6639.2,6627.171987264714,0.002831666465839211,0.004651759875030859,6572.2,6583.442597068088,0.013054989196920497,0.011324987167825595,6497.378500000001,6539.925233754226,0.02472097015742558,0.018054452004490962,0.003526703773773875,0.004899993275147032,0.005462292034269154,0.009019119812343874,4.3190252513910835e-05,0.006346575748865015,-0.5742024227483533,-0.27990279038003263,-0.38520776668782986,0.8055232251419264,0.1253032356231492,2010-07-01,3.53891205317842,3.46496322106074,42066224093.0065,2011-01-04,-0.001313924652635054,0.006804722937982657,3.7857119185805774,2011-01-12,1.9421529227048708,0.0,0.045645390000648094,0.07073116490902585,70.15,30.511428571428574,18.514319168841027,1.0,10.99,-0.17588000995767972,17.0,13.393496772717201,8.716371865276615,9.385721231090805,3.1780538303479458,97.0,1.0,-0.00090212004313802,-0.0031538660970221806,0.0012517287046528197,-272.0,0.0,19.472372622870303
2011-02-01,exact_day,1.0,Flood,Natural,Hydrological,429373000.0,emdat_cpi_adjusted,225000.0,18.0,1.0,,0.0,19891.0,,1.0,0.0,2011-0049-LKA,,19.877836565325975,12.323860125621126,0.0,1.0,0.0,0.0,2011-01-31,27.0,3,2011-01-31,7174.9,87570400.0,local_archive,local_archive,-0.0024499921772359995,-0.0025826890970226226,-0.004262097367287315,0.002308687631610579,0.0010196068508046639,7226.42,7203.971023624231,-0.004693887152974807,-0.0015923195119210698,7167.82,7152.7838350089605,0.0034431668205954225,0.005552546519950852,7003.818500000001,7023.536165543147,0.026939804336734152,0.024056804218617778,0.0032281697469282587,0.0074009848157154095,0.005977153538932818,0.0057250739504770614,6.002461668517593e-06,0.006932591523363032,-0.4413237285176893,-0.04388581802890523,0.04727658558448211,0.6515848116585242,-0.52461535195577,2010-07-01,3.53891205317842,3.46496322106074,42066224093.0065,2011-01-31,0.007633349932881147,0.01020707252095353,2.5618841825756173,2011-02-09,-0.3459416327430499,0.0,0.02783244874955008,0.0670536832454242,104.47999999999999,69.11428571428571,28.775761129315562,4.0,9.46,0.9960578728750513,1.0,7.3310603052186325,4.30406509320417,5.111987788356544,2.0794415416798357,1.0,1.0,-0.0018026142781159896,0.00027067262311680854,0.0011851798602692842,249.0,0.0,19.877836565325975
2011-05-29,exact_day,1.0,Flood,Natural,Hydrological,0.0,missing_zero_filled,8600.0,,0.0,,0.0,,,0.0,0.0,2011-0590-LKA,,0.0,9.059633754551479,0.0,1.0,0.0,0.0,2011-05-28,117.0,3,2011-05-27,7459.58,103643800.0,local_archive,local_archive,0.005395529729609475,-0.0036660557280089774,0.0019786734561554418,-0.0009656301015539339,-0.0010663289632748686,7443.375999999999,7428.32037748573,-0.00321574511350764,-0.001195475832281745,7396.459999999999,7409.665820014558,0.0031068916752068354,0.0013191121196098887,7362.5,7388.576842011729,0.007733786078098381,0.004177145159103057,0.002834779101765124,0.007041962665557989,0.007129147462786167,0.007487103581106549,2.9111741063099692e-05,0.006891044296896434,1.1662349639052532,0.9880125390343473,0.5988027163958549,0.6160813195900102,-0.2746028818563589,2010-07-01,3.53891205317842,3.46496322106074,42066224093.0065,2011-05-27,0.004072615318765918,0.0,-1.5243309108375047,2011-06-06,0.786818170362656,0.0,-0.01406029638800038,-0.03724475368205136,43.959999999999994,19.50142857142857,17.495233092256328,0.0,10.53,0.5078442061905624,10.0,10.529613131664696,5.575949103146316,6.021023349349527,2.5649493574615367,38.0,1.0,-0.0002731369798926184,0.0004553941515013585,0.0009421768565958386,132.0,0.0,0.0
2011-11-24,exact_day,1.0,Storm,Natural,Meteorological,0.0,missing_zero_filled,35041.0,22.0,1.0,,0.0,,,0.0,0.0,2011-0484-LKA,,0.0,10.464302621047032,0.0,0.0,0.0,1.0,2011-11-23,179.0,3,2011-11-23,6035.36,38698300.0,local_archive,local_archive,-0.004231048671126906,-0.009672666974249643,-0.0033702086811688977,0.007841074484038745,-0.011460128494777712,6087.354,6109.583892262284,-0.004337516760155591,-0.007960262616882763,6173.994000000001,6164.841351829533,-0.018309703572760294,-0.016852234453478943,6269.8330000000005,6261.708523860871,-0.03331556039849881,-0.03206130133586704,0.010304452698176756,0.011027535811973905,0.011733867677492266,0.010148083373475291,1.7901772857444756e-05,0.011023551890576784,-0.25748558824496903,0.08628936246408792,-0.17822564754996129,0.448150639185742,0.35534492406615453,2011-07-01,8.01596737040464,6.2176488930462,58636049581.1712,2011-11-23,-0.02234297045859626,0.0,4.628422155850824,2011-12-01,0.5845621827668905,4.0,0.01794953457886632,-0.0013546059911544463,122.74000000000001,71.24571428571429,25.530344596932007,6.0,9.6,1.2089705781496467,14.0,11.249233319258543,7.515344571180436,8.86304982791909,3.4339872044851463,75.0,1.0,0.00026353933477070337,0.033856120878135804,0.005704088734939395,-47.0,0.0,0.0
2012-01-01,month_only,0.0,Drought,Natural,Climatological,0.0,missing_zero_filled,1800000.0,,0.0,,0.0,,,0.0,0.0,2012-9405-LKA,,0.0,14.403297778421795,1.0,0.0,0.0,0.0,2011-12-31,38.0,4,2011-12-30,6074.42,40962200.0,local_archive,local_archive,-0.0024597588817389534,-0.0006583067963718078,0.01293326518761331,0.005419398861257565,0.013011377064572784,6019.9580000000005,6029.596030188022,0.011531974143341062,0.009915087099145792,5948.9529999999995,5993.561383101619,0.023605330215249687,0.015986925097411175,5983.485,6000.801731672399,0.017697880081591233,0.014761072318067558,0.005865460350227093,0.007677961292069862,0.007837011383629027,0.01153049671638532,6.050413756293666e-06,0.009134014097975329,-0.10168190487983475,-0.42690154892021037,-0.5172593977747253,0.7261100761342905,0.3542498264459057,2011-07-01,8.01596737040464,6.2176488930462,58636049581.1712,2011-12-30,-0.004300570740064627,0.0,-3.3805229576323286,2012-01-09,-0.6984121490540489,0.0,-0.033731151173353964,-0.024971649347752266,19.480000000000004,3.22,7.194134184644231,0.0,10.07,-0.837188440039052,2.0,13.430566936358145,0.0,0.0,0.0,32.0,1.0,0.0,-0.0001756543127651087,0.005672732911481852,-85.0,0.0,0.0
2012-10-29,exact_day,1.0,Storm,Natural,Meteorological,79927000.0,emdat_cpi_adjusted,69000.0,,0.0,69000.0,1.0,,,0.0,0.0,2012-0425-LKA,Cyclone Nilam,18.196624288568007,11.141876276228,0.0,0.0,0.0,1.0,2012-10-28,302.0,2,2012-10-26,5550.88,8693413.0,local_archive,local_archive,-0.004644316195168654,0.00601981859202183,-0.002436032851459454,0.0005184210595055735,0.0042945204962464775,5576.032,5578.1018430610075,0.0001233852316486761,-0.0002477263950865227,5609.205,5620.060938232002,-0.0057913732873018375,-0.007711827097311885,5738.1230000000005,5669.058915947704,-0.028128187562378892,-0.01628822654990303,0.009183403915393042,0.008467625826023409,0.006712134171506376,0.008368410246101516,2.156967292070584e-05,0.008492651037432089,-0.6058106224762728,-0.4343949255895809,-0.3659418957547709,0.731108282490281,0.8390530136203391,2012-07-01,8.66948301160571,6.7167684358854,67753285882.299,2012-10-26,-0.0007292475686444066,0.001179677102876592,0.6494437936563289,2012-11-06,-0.6165368766194093,5.0,0.001028137011036178,0.004328668684728472,136.5,98.11285714285715,20.60529035165946,7.0,13.54,2.5705344609858076,9.0,11.205367162513655,5.7745515455444085,8.53660358493606,2.302585092994046,66.0,1.0,-0.0015408323541557826,0.0057993589950444575,0.002585023996721273,-51.0,0.0,0.0
2012-12-17,exact_day,1.0,Flood,Natural,Hydrological,1683000.0,emdat_cpi_adjusted,447021.0,53.0,1.0,,0.0,49084.0,,1.0,0.0,2012-0537-LKA,,14.336089067349832,13.010363089386827,0.0,1.0,0.0,0.0,2012-12-16,49.0,2,2012-12-14,5522.72,15411709.0,local_archive,local_archive,-0.004451646364111459,0.00555315960668244,0.018082841857381574,0.0023875886359748856,1.299336503114245e-05,5454.808,5471.6047990859515,0.016967049985993965,0.013845152143792117,5400.499,5436.717788556612,0.0271939685573499,0.020350920490350255,5415.7485,5441.484828742419,0.0243016270050207,0.019457036928291815,0.007117305910505441,0.006826267332566646,0.007900931233405082,0.006679735400395099,1.9817155351106772e-05,0.010792082391342616,-0.39975291888938025,-0.4667664777544407,-0.34838159833703386,1.9468570501929408,-0.3764258925070306,2012-07-01,8.66948301160571,6.7167684358854,67753285882.299,2012-12-14,-0.004143975679491531,2.4840123664610263e-05,0.38772671981694595,2012-12-24,-0.3960322254627786,3.0,0.00039284515436516167,0.036923569125433923,224.8,115.40285714285714,71.15585703563825,6.0,11.36,4.69626207552277,9.0,12.52692350124843,7.752335163302292,8.316544717929398,2.995732273553991,57.0,1.0,0.000389332300031548,0.000389332300031548,0.0025272041751714823,-100.0,0.0,14.336089067349832
2013-01-08,exact_day,1.0,Flood,Natural,Hydrological,0.0,missing_zero_filled,56747.0,52.0,1.0,,0.0,26063.0,,1.0,0.0,2013-0039-LKA,,0.0,10.946375692431877,0.0,1.0,0.0,0.0,2013-01-07,22.0,2,2013-01-07,5746.09,20953736.0,local_archive,local_archive,-0.0002818911083762809,0.003007452938344936,0.008175797934893246,0.007202424752529989,0.006480586357514197,5682.416,5686.785920346199,0.011490535011868142,0.010713271170596839,5606.439,5628.829365000713,0.025197991095595507,0.02111995715103232,5529.1494999999995,5567.639910275623,0.039528773819554,0.032342265776211576,0.0019493056559757587,0.003519728364953906,0.005443598177538621,0.0068271009143881945,7.946259698160816e-08,0.007476985856190938,0.6711439660193039,0.16191848285316834,-0.1443094107227022,0.9990934942239635,0.4800195688990348,2012-07-01,8.66948301160571,6.7167684358854,67753285882.299,2013-01-07,-0.003128003259122683,0.0,1.047015894524955,2013-01-16,-0.41477786383235127,0.0,0.011485986105437765,0.023659393744716498,89.41,64.90714285714287,18.72579834905641,5.0,7.57,0.634595298443027,5.0,10.962058791667054,3.5553480614894135,7.183111701743281,0.0,11.0,1.0,0.0,0.0035412195180700586,0.00287309516505573,-122.0,0.0,0.0
2013-05-13,exact_day,1.0,Storm,Natural,Meteorological,0.0,missing_zero_filled,7339.0,7.0,1.0,3861.0,1.0,,,0.0,0.0,2013-0138-LKA,Tropical cyclone Mahasen,0.0,8.901094121608562,0.0,0.0,0.0,1.0,2013-05-12,125.0,3,2013-05-10,6250.0,58001651.0,local_archive,local_archive,0.0018080335079556807,0.0045964313650385495,0.0013567757874627126,0.01306696836492297,0.006809893198446156,6156.968,6162.477344459283,0.013276339912762225,0.012370456113604655,6057.392,6082.741540573857,0.029933344251123373,0.025641145260863585,5952.0154999999995,5986.803130505621,0.04816763330001428,0.042077025751990016,0.006637077370166868,0.006013132902263301,0.004954781299726377,0.004719309336357045,3.2689851658905245e-06,0.009112648583559639,0.6188807116575203,0.2163985427372661,0.4517333819765743,0.7949298834633377,0.37492265175267414,2012-07-01,8.66948301160571,6.7167684358854,67753285882.299,2013-05-10,0.004312343771584845,0.0,3.583657128497421,2013-05-20,-0.46999974856137716,3.0,0.03407982911664741,0.02912375616641168,40.849999999999994,34.50857142857142,3.2202196020945957,0.0,11.24,0.7281123219008319,12.0,7.162397497355718,2.8903717578961645,5.978885764901122,0.6931471805599453,35.0,1.0,0.002381898704533674,-0.0007927071362389971,0.002085119350152106,131.0,0.0,0.0
2013-06-08,exact_day,1.0,Flood,Natural,Hydrological,2764000.0,emdat_cpi_adjusted,17214.0,58.0,1.0,,0.0,,,0.0,0.0,2013-0220-LKA,,14.832189825664132,9.753536375772624,0.0,1.0,0.0,0.0,2013-06-07,26.0,4,2013-06-07,6307.43,18888919.0,local_archive,local_archive,-0.01024472260457817,-0.00788736131066892,-0.004167028752583571,-0.00031314576881278695,0.001229275486153224,6431.924000000001,6418.683751420862,-0.009257572073302023,-0.007213901356428742,6444.064,6417.528183654623,-0.011124036012057026,-0.007035136015392185,6381.686,6351.912308144914,-0.0014582353315408803,0.0032222881649106583,0.0035708731378006654,0.003937656994185833,0.006152930627544459,0.006382965532861642,0.00010495434124475492,0.007964817730259845,-0.19000162098489504,-0.3852900781377532,-0.29270714684460053,0.5507898224454559,0.32845117542030833,2012-07-01,8.66948301160571,6.7167684358854,67753285882.299,2013-06-07,0.01274991452694569,4.079506940521852e-05,-1.9453831119543976,2013-06-17,-0.4247938905304709,0.0,-0.014101493875694865,-0.0253770398438439,35.45,18.934285714285718,14.090344042573811,0.0,11.64,0.22132353596875332,12.0,9.82086652384779,5.493061443340548,8.577347114235984,4.23410650459726,146.0,1.0,-0.0003958044777577395,-0.0011869437595287257,0.0018650184514461775,105.0,0.0,14.832189825664132
2014-01-01,month_only,0.0,Drought,Natural,Climatological,33998000.0,emdat_cpi_adjusted,1800000.0,,0.0,,0.0,,,0.0,0.0,2014-9393-LKA,,17.341812286734346,14.403297778421795,1.0,0.0,0.0,0.0,2013-12-31,207.0,3,2013-12-31,5912.78,20439809.0,local_archive,local_archive,0.002299361492856001,0.0038281751866662507,0.004805065044043849,0.00043781564898327926,-0.0018694820282405687,5863.34,5869.556721423392,0.006115968031872532,0.005050343660265133,5846.036,5850.655445084245,0.00909402542167026,0.008297284871995325,5816.8615,5833.424720414274,0.014155141909429902,0.011275585567350088,0.0027975323563966376,0.0034759868476229943,0.0033741746572909055,0.0032745116989848,5.287063274828978e-06,0.00611627723284448,-0.7453304307591376,-0.6869905170476687,-0.6233703432663519,0.9383395520552672,-0.16334001758621475,2013-07-01,8.6321813769906,7.54291373239437,70447216891.3366,2013-12-31,0.003951856349111548,0.00048260245755969646,1.6831302401617942,2014-01-09,-0.4139624919723097,0.0,0.026133757702886142,0.04042156122416096,2.42,1.1042857142857143,0.8364380260536768,0.0,8.45,-0.9207242435670947,4.0,8.81358720447004,3.6109179126442243,5.7745515455444085,0.0,10.0,1.0,0.0,0.0003824823148560118,0.0005226522322897499,87.0,0.0,0.0
2014-06-04,exact_day,1.0,Flood,Natural,Hydrological,2720000.0,emdat_cpi_adjusted,104009.0,27.0,1.0,,0.0,,,0.0,0.0,2014-0181-LKA,,14.81614280591917,11.552242327347178,0.0,1.0,0.0,0.0,2014-06-03,154.0,2,2014-06-03,6286.02,26066605.0,local_archive,local_archive,-0.0010160251398152016,0.004611397107767829,-0.006415119042496777,0.004931417941836248,-0.0040731048647472705,6279.968,6284.0482293668065,0.001981220286472851,0.001330634382167295,6287.427000000001,6283.0971738271455,0.0007925340524828073,0.0014822031102188493,6281.701,6262.898484886338,0.001704793017050621,0.0047121177494540145,0.005100142793508082,0.003875406174202623,0.0035145781294822535,0.003634058548812512,1.0323070847365e-06,0.006815534884819527,-0.23602827012205585,-0.16928177088401286,-0.380605507850715,1.9617876196396018,0.6255210380134305,2013-07-01,8.6321813769906,7.54291373239437,70447216891.3366,2014-06-03,-0.0003792884695348666,3.861046780876447e-05,0.1160625977899814,2014-06-11,-0.4061953715218113,0.0,0.0011669892845284082,0.004314559498750085,61.43,31.185714285714283,26.747706354715636,3.0,9.22,0.9447437920104373,11.0,11.862927192445872,5.736572297479192,7.550661243105336,3.332204510175204,100.0,1.0,0.0003836562487110934,0.0,0.0003171288713453691,-67.0,0.0,14.81614280591917
2014-10-29,exact_day,1.0,Other,Natural,Hydrological,0.0,missing_zero_filled,1067.0,196.0,1.0,,0.0,,,0.0,0.0,2014-0548-LKA,,0.0,6.97354301952014,0.0,0.0,1.0,0.0,2014-10-28,147.0,2,2014-10-28,7227.12,57968761.0,local_archive,local_archive,0.0008360903575330314,0.001053028384970958,0.0033284786186531558,0.003951040178655428,-0.002909763458113789,7199.736,7212.949556532225,0.002964553144726434,0.001127200932718564,7216.873999999999,7227.106789483528,0.0005828008082171543,-0.0008339145468692077,7263.977499999999,7231.319121159401,-0.005905511133535213,-0.001415940990550535,0.004703975304521434,0.008136611088549793,0.006726891497893308,0.005777264685723829,6.990470859597124e-07,0.0061721682399113464,-0.6548041560498361,-0.4965915532473161,-0.33885879883606984,0.5162649144743049,-0.2625751922404042,2014-07-01,4.0517463303875,6.90845034828452,76976204074.978,2014-10-28,0.011868364566910393,0.0,1.265850074301203,2014-11-05,-0.15372667333708046,0.0,0.01801005515363076,0.03435073071413977,45.1,34.39857142857143,10.53299803565194,0.0,7.37,-0.05892905996159814,3.0,8.531490496117062,4.23410650459726,1.791759469228055,2.6390573296152584,9.0,1.0,0.0,0.0007648183929222717,0.0005792360466007487,-39.0,0.0,0.0
2014-12-01,exact_day,1.0,Flood,Natural,Hydrological,0.0,missing_zero_filled,1100020.0,41.0,1.0,,0.0,,,0.0,0.0,2014-0495-LKA,,0.0,13.91083982849546,0.0,1.0,0.0,0.0,2014-11-30,33.0,3,2014-11-28,7153.9,58521701.0,local_archive,local_archive,0.005327350983542647,-0.008930073523667075,-0.008272419615017769,0.000567890963619084,-0.017239970382930115,7234.3679999999995,7231.760120434243,-0.016377104399444287,-0.016022395447940374,7380.058999999999,7308.174649822815,-0.03579497128681475,-0.02631089964817368,7381.783,7337.758765340262,-0.036020159357163406,-0.030236584825908075,0.008967252271253272,0.009138690754442003,0.007938457354640173,0.00717646696063557,2.838066850185281e-05,0.011986252620957503,-0.19464723573400555,-0.04622067461142643,0.161005024755287,0.49387526449133384,-0.23593151055896322,2014-07-01,4.0517463303875,6.90845034828452,76976204074.978,2014-11-28,-0.0025456646370122207,0.0,-0.47130550177158814,2014-12-08,-0.20585769394921416,0.0,0.01216656191698359,0.010617334251445372,59.28,29.595714285714287,13.953600320518069,1.0,11.38,-0.17704669314050736,2.0,6.914730892718563,2.6390573296152584,4.31748811353631,0.0,3.0,1.0,-0.0007630675685026116,0.0,0.0004251908960216026,38.0,0.0,0.0
2015-09-15,exact_day,1.0,Flood,Natural,Hydrological,0.0,missing_zero_filled,7309.0,8.0,1.0,,0.0,,,0.0,0.0,2015-0547-LKA,,0.0,8.896998552743824,0.0,1.0,0.0,0.0,2015-09-14,288.0,2,2015-09-14,7162.44,17543631.0,local_archive,local_archive,0.0012503555362490303,-0.0009012515430035665,-0.003250325837106993,0.008217993077418892,-0.009107040341165874,7154.168,7169.410798844627,-9.476992992052402e-05,-0.002220656521340958,7207.753,7203.942981229989,-0.007528421132078189,-0.007003523120802768,7295.7235,7249.487024557281,-0.019495461964807226,-0.013241905838591861,0.0063175104669081815,0.004941480403350593,0.007075019887450195,0.006541080317898533,1.5633889670286e-06,0.0066198241406297,-0.6215009307638841,-0.6295617021784576,-0.5980357683266446,1.3002863465409276,-0.05969812327512169,2015-07-01,6.37797889684965,3.1790022823606,82531125461.843,2015-09-14,-0.00409804122304381,0.0,-0.4771987660847063,2015-09-22,-0.6907124114516593,90.0,-0.006170533596866178,-0.015699691576602524,25.949999999999996,11.828571428571426,9.07178671958916,0.0,11.62,-0.21972039068698546,14.0,10.014939477830271,4.6443908991413725,6.0063531596017325,2.1972245773362196,55.0,1.0,0.004235621393975036,0.015085637418040953,0.0040172280371947,-29.0,0.0,0.0
2015-11-15,exact_day,1.0,Flood,Natural,Hydrological,0.0,missing_zero_filled,20000.0,2.0,1.0,,0.0,,,0.0,0.0,2015-0530-LKA,,0.0,9.90353755128617,0.0,1.0,0.0,0.0,2015-11-14,61.0,2,2015-11-13,7001.81,37382576.0,local_archive,local_archive,-0.0006481936469826712,-0.0018366447049798665,-0.00440387820257198,-0.0013139907870089805,0.0019713349835621796,7030.531999999999,7024.082218939035,-0.0034395690112780652,-0.0025244890914322138,7029.789999999999,7032.077429156356,-0.003334381254631924,-0.003658581609139344,7041.58,7046.803105635716,-0.005003138500166093,-0.005740632316427741,0.004003421142451103,0.003269890460611543,0.002942487225953406,0.0028571311786200326,4.201550039886958e-07,0.005753933584080869,-0.27316255381388754,0.026726472524951195,-0.14075988397089712,0.4039238729202409,-0.2029926443206492,2015-07-01,6.37797889684965,3.1790022823606,82531125461.843,2015-11-13,-0.011270640432155438,0.0,1.2817341858884936,2015-11-23,0.03507872792581446,3.0,0.007686955650375788,-0.015344619994309437,203.85000000000002,123.48857142857143,53.43815597759447,7.0,8.99,1.5835873822071305,19.0,12.090914287392236,5.655991810819852,8.233768709217097,1.6094379124341003,113.0,1.0,0.0003522987529830382,0.006998720731110628,0.002227369841879994,-90.0,0.0,0.0
2016-05-14,exact_day,1.0,Flood,Natural,Hydrological,1609667000.0,emdat_cpi_adjusted,301602.0,203.0,1.0,,0.0,,,0.0,0.0,2016-0153-LKA,,21.199293162873143,12.616866862016069,0.0,1.0,0.0,0.0,2016-05-13,181.0,2,2016-05-13,6679.84,27094282.0,local_archive,local_archive,0.003557302963346402,-0.0008004463704089946,0.003565634466496748,0.006490084401569389,0.002142620966250996,6628.512,6628.950624684243,0.0041650373417141395,0.004098593707213105,6583.164,6579.9217357044345,0.011082209101884732,0.011580421068246638,6484.839,6487.060749614069,0.026412529285615216,0.02606099386320504,0.002853103672922257,0.004562202722118713,0.004913980040519654,0.005211024146909456,1.2654404373033091e-05,0.005454853986887954,-0.2937500286775169,0.03194346732922426,-0.0033633828316442793,0.46857903843076515,-0.24369424039097834,2015-07-01,6.37797889684965,3.1790022823606,82531125461.843,2016-05-13,-0.008514434161752484,0.01950375680680866,-2.075836381438892,2016-05-24,-0.39795405259332894,0.0,-0.016491926504943303,-0.019551125954444075,90.77,58.12285714285714,31.39170575926371,4.0,7.44,2.9394495928636353,24.0,13.042521149633354,6.4457198193855785,8.36287583103188,4.543294782270004,223.0,1.0,0.0010303967938964016,0.0017179183060245676,0.003712781032566411,-271.0,0.0,21.199293162873143
2016-10-01,month_only,0.0,Drought,Natural,Climatological,26828000.0,emdat_cpi_adjusted,900000.0,,0.0,,0.0,,,0.0,0.0,2016-9529-LKA,,17.104956713476252,13.710151153416941,1.0,0.0,0.0,0.0,2016-09-30,140.0,2,2016-09-30,6534.77,70083378.0,local_archive,local_archive,0.0009905788653134739,0.0024508049461732357,0.00446766997266484,0.0006711808328198005,0.002204857913576907,6496.411999999999,6501.10406296904,0.004908555676579773,0.004183279757952407,6475.146,6492.451349312108,0.008208926872073752,0.005521589421180861,6495.627,6496.47325663309,0.0050299994134515025,0.0048990801792978544,0.0017504682870661164,0.002894645253660922,0.002404594589270952,0.0023632958939660783,9.812464884057293e-07,0.00489459584311681,-0.24252116253505895,0.27080509838957445,0.174226196119885,0.49360174930652956,0.04049441612729401,2016-07-01,4.20595547501601,3.76836783062096,85090300895.6546,2016-09-30,0.0079363925880277,0.0003152885783410134,-0.18101701767586784,2016-10-10,0.07229226129841426,0.0,0.004234476564208979,-0.012640053225243112,11.420000000000002,7.394285714285713,4.19693879370372,0.0,8.86,2.233305122314915,22.0,13.531439292030646,0.0,0.0,0.0,148.0,1.0,0.0006842285590243227,0.0027397277411202693,0.00237402767664435,-411.0,0.0,0.0
2017-05-25,exact_day,1.0,Flood,Natural,Hydrological,510917000.0,emdat_cpi_adjusted,879932.0,293.0,1.0,,0.0,,,0.0,0.0,2017-0153-LKA,,20.05171771031813,13.687601047192233,0.0,1.0,0.0,0.0,2017-05-24,236.0,1,2017-05-24,6711.67,48758231.0,local_archive,local_archive,0.0032399072337943586,-0.005506518416438885,-0.0004102088555622604,0.004730577890257941,0.003879005689302994,6712.551999999999,6703.510656613349,-0.0033656350073710817,-0.0020214268772706934,6692.123,6681.1770367400495,-0.00032321581656513665,0.001314583225628052,6628.444,6607.616467726661,0.009280609446198795,0.012461911594828123,0.004392451654788296,0.003583692579752952,0.004355299299854995,0.00560489603312178,1.0496998883593013e-05,0.0058569749606461686,-0.6731316595179201,-0.3751979047409313,-0.30590959412096086,1.4181907878734128,0.023087034538837113,2016-07-01,4.20595547501601,3.76836783062096,85090300895.6546,2017-05-24,0.0024860338045762944,0.006004409370070656,-0.3172586288196062,2017-06-01,-0.7374418755470404,0.0,-0.0026840046399111625,-0.006383876551365988,78.72,50.39142857142857,21.069855582934455,4.0,9.28,3.4697356158336197,20.0,13.965230579763528,7.388946097618437,9.35755275165657,5.365976015021851,179.0,1.0,-0.0003276003305303337,0.00032770768767782587,0.0010638844157919757,261.0,0.0,20.05171771031813
2017-11-03,exact_day,1.0,Flood,Natural,Hydrological,0.0,missing_zero_filled,13197.0,9.0,1.0,,0.0,22923.3,,1.0,0.0,2017-0493-LKA,,0.0,9.487820581943367,0.0,1.0,0.0,0.0,2017-11-02,162.0,1,2017-11-02,6621.47,17882182.0,local_archive,local_archive,-0.00041221018471024996,0.0010331109942290735,0.0015456163990428774,-0.0008729165723861505,0.0028155743157275504,6618.9619999999995,6615.176193872557,0.0007913627544622326,0.0013641066939080737,6599.858,6602.623568344146,0.003688261171679752,0.003267857304375177,6577.496000000001,6572.03249795827,0.0071005744435266305,0.007937803420469569,0.0022970593992898618,0.002383425039172629,0.0034657280950472318,0.003188649054382009,1.699172363788584e-07,0.004437410234480159,-0.510359913394901,-0.340079580968876,-0.29172991210179133,0.5659290619585154,-0.3621746599305936,2017-07-01,5.05362488993089,3.9588884659307,88000210878.1236,2017-11-02,0.00018994776966671517,0.0,-1.3904162227478944,2017-11-13,-0.6700754665026465,90.0,-0.01673987656075634,-0.02254332469800155,87.43,44.02285714285714,26.479203609805257,2.0,9.48,1.299463464301962,8.0,9.73145290361031,3.871201010907891,5.634789603169249,0.6931471805599453,29.0,1.0,-0.0006510416896622072,0.0,0.0007135001483298556,99.0,0.0,0.0
2017-11-29,exact_day,1.0,Storm,Natural,Meteorological,454440000.0,emdat_cpi_adjusted,160077.0,27.0,1.0,,0.0,,130.0,0.0,1.0,2017-0508-LKA,Cyclone 'Ockhi',19.934576451866487,11.983416475426443,0.0,0.0,0.0,1.0,2017-11-28,26.0,2,2017-11-28,6405.22,8647242.0,local_archive,local_archive,-0.0018608109799386698,0.000540884741610047,-0.0065937600737369225,-0.0012894189727407294,-0.002341370941106805,6442.021999999999,6437.531250258631,-0.0038608995746987063,-0.0031660040885723717,6450.324,6461.0717806192315,-0.0051429974680341495,-0.006797909404285041,6520.074500000001,6493.097719397014,-0.01578578588327495,-0.011696685107654203,0.0030086463611029455,0.004213474597539685,0.0033747069831507074,0.003362710934512758,3.4626175030603123e-06,0.005517691311680844,-0.4579747318839089,-0.12014022287338277,-0.18499357498443103,0.7240315099857673,0.1607823878619535,2017-07-01,5.05362488993089,3.9588884659307,88000210878.1236,2017-11-28,0.009800332196793644,0.005164078534191007,-0.35313068425050365,2017-12-07,-0.43351597204565007,0.0,-0.0034829099882911422,-0.007550422713602215,267.35,105.24714285714286,75.80655418328192,6.0,14.53,3.277305510451373,17.0,11.75589517271557,6.739336627357174,10.39616957206583,2.70805020110221,152.0,1.0,0.001301659799795695,0.0009760859730554589,0.0007524867899672295,73.0,0.0,0.0
2018-05-19,exact_day,1.0,Flood,Natural,Hydrological,0.0,missing_zero_filled,153712.0,20.0,1.0,,0.0,,,0.0,0.0,2018-0278-LKA,,0.0,11.942842506301306,0.0,1.0,0.0,0.0,2018-05-18,171.0,3,2018-05-18,6492.06,16024082.0,local_archive,local_archive,0.0029124047599845895,-0.001588373871859397,0.004196364831489853,0.0017610660238281638,-0.00012964383461413123,6467.360000000001,6473.17871569785,0.0008999035154992896,1.9840362930345634e-07,6481.635,6481.075909810811,-0.0013044548173416493,-0.001218302319042186,6505.9305,6489.560932668277,-0.005033945567048392,-0.0025241973745582236,0.003556171393886775,0.0026777858319136376,0.0023660258680473444,0.0029444406419322725,8.482101485980895e-06,0.004605296715989734,-0.05647461321459368,0.021834408729989985,-0.010313453532145966,0.7484984769082711,0.4128584831613879,2017-07-01,5.05362488993089,3.9588884659307,88000210878.1236,2018-05-18,-0.0026356652545503154,0.0,-0.19598318279361346,2018-05-28,-0.2801133369604213,90.0,-0.005971218478772045,-0.01279706680087698,82.72999999999999,39.699999999999996,25.853463984541797,2.0,7.06,0.869516437395971,23.0,12.723398099557736,5.1298987149230735,8.741456115998364,3.2188758248682006,290.0,1.0,-0.0003171079779227337,-0.0003171079779227337,0.001452287129256059,-98.0,0.0,0.0
2018-10-06,exact_day,1.0,Flood,Natural,Hydrological,0.0,missing_zero_filled,75000.0,12.0,1.0,,0.0,29246.23,,1.0,0.0,2018-0384-LKA,,0.0,11.225256725762893,0.0,1.0,0.0,0.0,2018-10-05,140.0,3,2018-10-05,5883.77,10829338.0,local_archive,local_archive,0.008220624704526225,0.003737526272491462,0.0010480512628576232,-0.0016859812961755977,-0.0012155320215748203,5827.378,5834.202873735593,0.0014109261489474445,0.00023947166299209677,5855.441,5866.304716065995,-0.003388472362713446,-0.005234081342877395,5955.089,5924.95484372786,-0.02006502337748428,-0.015081101220957072,0.004218520394480971,0.006243590231036717,0.004913626973638913,0.004822911524119197,6.757867053266688e-05,0.005778485485351207,-0.39411524100477324,-0.12939308827813567,-0.15680588743810808,0.5977929860858563,-0.7969007153862978,2018-07-01,6.46068127080994,7.70413767850602,94369350439.4732,2018-10-05,-0.0055433145846221455,0.0,-2.288836079070039,2018-10-15,-0.010183739226897415,0.0,-0.01876855337220923,-0.020219113703919083,55.55,45.790000000000006,10.073982992507649,3.0,7.1,3.489337381513911,16.0,11.236895245258895,4.04305126783455,7.829232537543592,2.3978952727983707,119.0,1.0,0.0020585215326807084,0.0070755012162002804,0.0028144036281678693,-238.0,0.0,0.0
2018-12-22,exact_day,1.0,Flood,Natural,Hydrological,0.0,missing_zero_filled,75000.0,2.0,1.0,,0.0,,,0.0,0.0,2018-0467-LKA,,0.0,11.225256725762893,0.0,1.0,0.0,0.0,2018-12-21,77.0,2,2018-12-21,6005.65,4250906.0,local_archive,local_archive,-0.0017817324778974367,-0.005732859226332364,0.0005736281641750462,-0.003326427672580642,0.00038770081531599657,6048.994000000001,6040.171960171804,-0.005394946663858646,-0.003942265274700429,6047.941,6038.75754939193,-0.005221777130431704,-0.0037089664900001873,6019.1855,6021.850300974214,-0.0004694156709408315,-0.000911729900247904,0.0029397738682103046,0.0037500061307062624,0.003498304929199924,0.004653430663769839,3.1745706227945398e-06,0.005264348556483643,-0.07960462460109097,0.034588693516278024,-0.1912887758651438,1.7069908540434484,-1.168336788176261,2018-07-01,6.46068127080994,7.70413767850602,94369350439.4732,2018-12-21,-0.02080312049854063,0.0,0.6135374312293373,2019-01-02,-0.8698901745417661,0.0,0.009372077698312895,-0.003913971148925914,42.61,30.282857142857136,7.714911350291533,0.0,7.79,1.2700008290499087,10.0,11.747190937784902,6.16541785423142,8.441175704992322,1.0986122886681098,30.0,1.0,0.0013821702269516739,0.007764875397726602,0.0026630997790499824,297.0,0.0,0.0
2019-08-01,month_only,0.0,Drought,Natural,Climatological,0.0,missing_zero_filled,222091.0,,0.0,,0.0,,,0.0,0.0,2019-9389-LKA,,0.0,12.310846989422894,1.0,0.0,0.0,0.0,2019-07-31,222.0,2,2019-07-31,5935.34,38604800.0,local_archive,local_archive,-0.002760980260848892,-0.007273855096804741,0.020612302472658727,0.01341004278247308,0.010936777827033074,5872.094,5882.826160590553,0.0135651779416337,0.011716110170171712,5776.018999999999,5794.430862291388,0.030424242025519854,0.027150058642066766,5642.357000000001,5680.330023000148,0.05483399933751065,0.04778243093285939,0.010282836559012092,0.009181590100977443,0.007451230931804186,0.006701254439005467,7.623012000797216e-06,0.012630366562333293,-0.5110365939347831,-0.5519379030651255,-0.6053982661468686,4.05932196753207,-0.056251818625284326,2019-07-01,2.31008425504933,2.135037737132,94450015982.806,2019-07-31,-0.01094520695213996,0.0,-0.3227036511076867,2019-08-08,-0.6555886789812186,6.0,-0.009663513948923145,-0.011228125120102739,8.17,4.031428571428571,2.203825678008045,0.0,10.89,-0.36191101385849733,24.0,9.825742203911275,3.091042453358316,7.96346006663897,0.0,208.0,1.0,0.0008511846165779574,0.0007944164294547362,0.0010794165689281556,75.0,0.0,0.0
2019-09-23,exact_day,1.0,Flood,Natural,Hydrological,0.0,missing_zero_filled,136607.0,1.0,1.0,,0.0,,,0.0,0.0,2019-0452-LKA,,0.0,11.82487078955769,0.0,1.0,0.0,0.0,2019-09-22,53.0,3,2019-09-20,5793.89,22199173.0,local_archive,local_archive,-0.0029556425562143854,0.0006076489938273995,-0.0006128115675769492,-0.0029331908675300686,0.0008071177919914811,5816.660000000001,5815.145060293014,-0.0009661902191293592,-0.0007059256906665201,5819.195,5825.849592559331,-0.001401396584922776,-0.002542048558590526,5855.530000000001,5838.321297180904,-0.007597945873388134,-0.004672798188424032,0.0015516979199567654,0.0032632113300235304,0.002767597637826392,0.004160916853032659,8.735822920105506e-06,0.003908032343897514,-0.6591337128926447,0.7948012206298147,0.3416969379053336,1.1084618311500503,-0.20951885932121908,2019-07-01,2.31008425504933,2.135037737132,94450015982.806,2019-09-20,-0.004907599104880387,0.0,-0.6641957525950757,2019-09-30,-0.6366946093428804,12.0,-0.00965137090505113,-0.014774050087929508,91.91999999999999,45.478571428571435,29.737973159229387,3.0,8.39,1.151510593118724,16.0,11.7363569748204,4.356708826689592,8.696343057044556,1.0986122886681098,119.0,1.0,0.0013814064912607202,0.00753800265914024,0.002274801114101423,22.0,0.0,0.0
2019-10-24,exact_day,1.0,Flood,Natural,Hydrological,0.0,missing_zero_filled,8200.0,5.0,1.0,,0.0,,,0.0,0.0,2019-0499-LKA,,0.0,9.012011377036412,0.0,1.0,0.0,0.0,2019-10-23,31.0,3,2019-10-23,5888.34,32940702.0,local_archive,local_archive,0.0013493375169652956,0.00279452754537812,8.697528116833024e-05,0.0005783221483700466,-0.0006611230768932438,5860.916,5862.12282044752,0.003324395026306437,0.003117843162331546,5847.384,5840.330688684109,0.005646285586853761,0.006860794953533533,5788.286,5818.2929884715995,0.01591386465699851,0.010674438645743578,0.001962990699963548,0.004597280153181493,0.004386070439455642,0.003943938878363693,1.8207117346900693e-06,0.004557211091170034,-0.0851930170147337,-0.03698091903642453,0.166451678982372,1.3726856920083643,0.2719382324245229,2019-07-01,2.31008425504933,2.135037737132,94450015982.806,2019-10-23,0.002843103345830729,0.0,1.2423605097572743,2019-10-31,0.389195068773738,0.0,0.017157353778029905,0.007399100286007344,72.69999999999999,56.14714285714286,11.944044142424726,5.0,7.81,0.560391893189895,16.0,9.681718056775063,1.791759469228055,5.680172609017068,0.0,90.0,1.0,-0.0013779800995394602,-0.0033039677632711404,0.00191061798791692,-9.0,0.0,0.0
2019-11-29,exact_day,1.0,Flood,Natural,Hydrological,0.0,missing_zero_filled,155009.0,12.0,1.0,,0.0,,,0.0,0.0,2019-0577-LKA,,0.0,11.95124490994934,0.0,1.0,0.0,0.0,2019-11-28,36.0,4,2019-11-28,6201.12,90547466.0,local_archive,local_archive,0.013352481944764755,0.003933286659144723,0.0018245138529109993,-0.005823169922790035,-4.2355900346187555e-05,6111.012000000001,6106.398841310795,0.001285875400015568,0.0020423098807165196,6096.906,6087.071321600593,0.003602482964309983,0.005223970070231676,6037.468500000001,6039.668209303548,0.013482720448148022,0.013113599613708837,0.0038830271915528992,0.006522202901220778,0.005628163579247445,0.004819209675331965,0.00017828877408526878,0.0057354394739634685,0.427200049957406,0.03211677024462345,0.22988529840877292,0.4826994674589534,0.7999954841509023,2019-07-01,2.31008425504933,2.135037737132,94450015982.806,2019-11-27,0.0041657356252997445,0.0,-1.0095915237441873,2019-12-06,0.19943233632200252,0.0,-0.008347760223150449,-0.023515292899153623,65.95,50.29571428571428,8.29979890748938,3.0,9.41,0.6919226446537226,18.0,12.575654930194505,4.204692619390966,7.059617628291383,2.3978952727983707,172.0,1.0,-0.003034903695154047,0.009718249468921346,0.0019172966026443827,-13.0,0.0,0.0
2019-12-02,exact_day,1.0,Flood,Natural,Hydrological,0.0,missing_zero_filled,167436.0,9.0,1.0,,0.0,,,0.0,0.0,2019-0656-LKA,,0.0,12.028362440093629,0.0,1.0,0.0,0.0,2019-12-01,3.0,5,2019-11-29,6211.97,62923918.0,local_archive,local_archive,0.0017481550142913428,0.013352481944764755,0.003933286659144723,0.0018245138529109993,-0.003109909829269143,6123.570000000001,6137.9725608738645,0.012664181188424273,0.01028799632123878,6119.011,6107.80744494594,0.013418671742868149,0.015277586252538722,6049.312,6055.044570322258,0.02509508519315906,0.024124583722092696,0.007415425222885972,0.007246998604860018,0.006223948929344952,0.0051327059256242235,3.0560459539919647e-06,0.008619854321271337,0.7259821407245663,0.13560617805697905,0.31734411694716647,0.4838330716353072,0.22437610652740064,2019-07-01,2.31008425504933,2.135037737132,94450015982.806,2019-11-29,-0.004019286229989053,0.0,-1.811905536305286,2019-12-09,-0.27310678178948755,0.0,-0.017594399756837617,-0.024383861278929792,110.56,89.51142857142858,21.29722159388514,7.0,8.51,2.2695349189516736,18.0,12.575533993870787,4.02535169073515,7.057897937411856,2.302585092994046,170.0,1.0,-0.0005527916116444536,0.006935802530007824,0.0018973538383390584,-16.0,0.0,0.0
2019-12-18,exact_day,1.0,Flood,Natural,Hydrological,0.0,missing_zero_filled,65322.0,3.0,1.0,,0.0,44781.54,,1.0,0.0,2019-0629-LKA,,0.0,11.08709947377011,0.0,1.0,0.0,0.0,2019-12-17,16.0,6,2019-12-17,6062.33,7661005.0,local_archive,local_archive,0.0008795866345151603,-0.005379265062698381,-0.001639138859435407,0.006490229083987851,-0.0074984845193957475,6082.031999999999,6089.243118679232,-0.004115729742954155,-0.005295094653114396,6135.723,6109.545657772322,-0.012830272813815102,-0.00860058353201354,6136.8144999999995,6101.8293188200105,-0.013005851814487768,-0.007346865419808224,0.005808503996734689,0.004433428607591877,0.006470184061670302,0.006003085115430293,7.736726476177062e-07,0.006389624485604266,-0.7684224685482978,-0.6686493061232636,-0.31575723973689374,0.5533591450523696,-0.16142601553891078,2019-07-01,2.31008425504933,2.135037737132,94450015982.806,2019-12-17,0.0003352360284609262,0.0,0.4544796218419862,2019-12-26,-0.825594496935936,5.0,0.00401020537392113,0.00804202924468536,27.93,20.892857142857142,6.599984126965039,0.0,8.98,-0.4780622077321047,16.0,11.941423272188965,4.02535169073515,7.091742115095153,2.302585092994046,122.0,1.0,0.00016566805681651962,0.00038660150151508167,0.001963162793456607,-32.0,0.0,0.0
2020-05-17,exact_day,1.0,Storm,Natural,Meteorological,0.0,missing_zero_filled,1100.0,4.0,1.0,,0.0,,,0.0,0.0,2020-0211-LKA,Cyclone 'Amphan',0.0,7.00397413672268,0.0,0.0,0.0,1.0,2020-05-16,151.0,6,2020-05-15,4439.04,26061059.0,local_archive,local_archive,0.010302856578793134,0.006001759867826039,0.0276970067776552,-0.03344609107160499,-0.0641949030269515,4394.5599999999995,4471.054664611429,-0.00023210514818305938,-0.01733699773902575,4753.665999999999,4710.607620284345,-0.07575753113491768,-0.0673092827598335,5202.610500000001,5047.700386029858,-0.15551241054851228,-0.12959572399350983,0.03701851996104275,0.02908777738298861,0.022209571364474157,0.019056632923288935,0.00010614885368318096,0.03142302675948435,1.8102862566063331,1.305582006713447,0.8303817489625269,1.1544477145270577,0.6925914507643995,2019-07-01,2.31008425504933,2.135037737132,94450015982.806,2020-05-15,0.003918675203723029,0.0,3.6942244274246026,2020-05-26,0.161989538946407,0.0,0.07404843369902327,0.07621752768883779,66.75,36.77571428571429,20.85186391120536,2.0,10.11,0.6872768097832636,0.0,0.0,0.0,0.0,0.0,0.0,0.0,-0.00042675771478796183,-0.0008533333851149876,0.004458889441624186,80.0,0.0,0.0
2020-09-01,exact_day,1.0,Flood,Natural,Hydrological,0.0,missing_zero_filled,40000.0,3.0,1.0,,0.0,,,0.0,0.0,2020-0461-LKA,,0.0,10.596659732783579,0.0,1.0,0.0,0.0,2020-08-31,107.0,6,2020-08-31,5329.3,70110876.0,local_archive,local_archive,0.0015774354926315962,-0.002327721574383322,-0.0004499015916172476,-0.005140726721814641,0.0006314890349340002,5347.78,5335.892432551067,-0.005026384780226545,-0.002809732906084772,5336.41,5320.153108003836,-0.0029064483426124443,0.00014038919200287658,5261.02,5266.5547008235435,0.011381823296622962,0.01031894706570835,0.0024349633298254006,0.005471193350271712,0.0051725623027438035,0.004925695361174238,2.4883027334138866e-06,0.005254951801149754,-0.42690653905888154,-0.20940041842566626,0.2050237191164339,0.5529561873270008,-0.21846426309275238,2020-07-01,-0.220483886824823,3.52839358231811,88998706177.9986,2020-08-31,-0.002197375175508541,0.0,0.19384185596939904,2020-09-09,1.001817480466468,0.0,0.007682496172016211,0.04693615289797348,25.169999999999998,15.562857142857142,5.653652843621589,0.0,9.52,0.7993563718124952,0.0,0.0,0.0,0.0,0.0,0.0,0.0,-0.0026874512278046415,0.0048556879866589525,0.0036620959752924655,-27.0,0.0,0.0
2020-12-02,exact_day,1.0,Flood,Natural,Hydrological,0.0,missing_zero_filled,111665.0,3.0,1.0,,0.0,,,0.0,0.0,2020-0548-LKA,,0.0,11.623267551972019,0.0,1.0,0.0,0.0,2020-12-01,92.0,3,2020-12-01,6317.46,111896168.0,local_archive,local_archive,0.01173466362660187,0.010125144651051046,0.005311076335513967,0.001030113411692767,0.0025642030772391093,6160.438,6173.623726262341,0.013525336997142201,0.011360633049160906,6123.7300000000005,6132.961698085572,0.019600798859518598,0.0180660351994395,6081.4655,6064.840084645188,0.026686741871675412,0.029501176099893778,0.003912674602587623,0.005289197778213139,0.0073424605144565116,0.012362741010751917,0.00013770233042949298,0.007558647540966158,-0.24419943512395303,-0.33681581747300915,-0.31212958069086016,0.534981530010632,0.08568774530028314,2020-07-01,-0.220483886824823,3.52839358231811,88998706177.9986,2020-12-01,0.011208140661592923,0.0,4.004108381160536,2020-12-09,0.027080325141070283,0.0,0.04452333528068561,0.05215189432124148,102.04,45.77857142857142,35.527647651076585,3.0,14.52,0.5629518446669148,0.0,0.0,0.0,0.0,0.0,0.0,0.0,0.0019384025022729141,0.004853069649073464,0.0010257165111374521,-119.0,0.0,0.0
2021-01-01,exact_day,1.0,Flood,Natural,Hydrological,0.0,missing_zero_filled,50190.0,,0.0,,0.0,,,0.0,0.0,2021-0026-LKA,,0.0,10.8235910067382,0.0,1.0,0.0,0.0,2020-12-31,30.0,3,2020-12-31,6774.22,187066142.0,local_archive,local_archive,0.003876584383410722,0.0064105356715377275,0.002875168236207244,0.008504962394432844,0.0018419586988302503,6680.496000000001,6693.33019059656,0.010106135831830398,0.008169298069331754,6655.385,6651.799666974219,0.013917301553554084,0.014463804961454274,6574.907000000001,6551.984576934445,0.02632782486505114,0.029918480540330084,0.0037289484999425415,0.004195982161522443,0.005051900952572133,0.005071536044311194,1.5027906481703888e-05,0.006111722708847471,-0.2933105207285587,0.2631409745415978,0.333386617322873,1.0119764616940259,0.892152774964296,2020-07-01,-0.220483886824823,3.52839358231811,88998706177.9986,2020-12-31,0.006418204711703793,0.0,4.379145505095193,2021-01-11,0.8084287119298352,0.0,0.061460834652759706,0.14214884196546396,36.81,24.694285714285716,6.814711676813278,0.0,8.82,-0.1560580575661934,0.0,0.0,0.0,0.0,0.0,0.0,0.0,0.0,-0.02139118998131756,0.0042913162596991215,-149.0,0.0,0.0
2021-05-13,exact_day,1.0,Flood,Natural,Hydrological,0.0,missing_zero_filled,43704.0,5.0,1.0,,0.0,,,0.0,0.0,2021-0253-LKA,,0.0,10.685217791014589,0.0,1.0,0.0,0.0,2021-05-12,132.0,4,2021-05-12,7161.77,94617003.0,local_archive,local_archive,0.002571103432078955,0.0010616857147259654,-0.014773043364331844,0.007471921632408809,0.00484240030166363,7171.048000000001,7166.673519435626,-0.0038582924002182883,-0.003250255418006054,7184.713000000001,7193.1985302085195,-0.005752908988849059,-0.0069257827375821535,7303.897,7230.633132864122,-0.02197689808604908,-0.012067149758649087,0.009071560488815177,0.011216460086437695,0.013030221733323999,0.011355691777525443,6.6105728584481815e-06,0.010159730825117522,-0.36159888052895894,-0.20929528688418175,-0.10848817887053419,0.7795170614779235,-0.5985878301630562,2020-07-01,-0.220483886824823,3.52839358231811,88998706177.9986,2021-05-12,-0.021682782358302413,0.0,-0.10395219965850665,2021-05-21,-0.5324055388110169,0.0,0.008197513798495112,0.03952935586024046,90.48,37.26428571428572,29.334667123355864,2.0,8.68,0.8052467316759542,0.0,0.0,0.0,0.0,0.0,0.0,0.0,0.0010205644606786587,-0.0013251785833272762,0.008939420237883924,-281.0,0.0,0.0
2021-05-16,exact_day,1.0,Storm,Natural,Meteorological,0.0,missing_zero_filled,879.0,,0.0,,0.0,,,0.0,0.0,2021-0252-LKA,Tropical cyclone 'Tauktae',0.0,6.779921907472252,0.0,0.0,0.0,1.0,2021-05-15,3.0,5,2021-05-13,7228.23,61404550.0,local_archive,local_archive,0.009237035795080263,0.002571103432078955,0.0010616857147259654,-0.014773043364331844,0.005876928271447635,7174.2080000000005,7165.039012957084,-0.001733710536410471,-0.0004562449626822618,7176.896000000001,7187.484251988789,-0.0021075963759262795,-0.0035776428980242025,7289.072,7224.074739258015,-0.01746477466541685,-0.008624597821424773,0.008879370465680537,0.007832832319157882,0.012938476202945486,0.011321437391450749,8.532283027959407e-05,0.008954443277285208,-0.2794933512728063,-0.17430904425847316,-0.11371686163162065,0.7847514238609372,0.11603015773203441,2020-07-01,-0.220483886824823,3.52839358231811,88998706177.9986,2021-05-14,0.014807778563623631,0.0,-1.5985287983035712,2021-05-24,0.1270477077313048,0.0,0.0007398797583509575,0.02841283869999773,25.689999999999998,15.124285714285715,8.147412385010874,0.0,10.38,-0.32996270050773857,0.0,0.0,0.0,0.0,0.0,0.0,0.0,0.0,-0.003906354053002296,0.00896187875831943,-284.0,0.0,0.0
2021-10-25,exact_day,1.0,Flood,Natural,Hydrological,0.0,missing_zero_filled,6000.0,4.0,1.0,,0.0,,,0.0,0.0,2021-0714-LKA,,0.0,8.699681400989514,0.0,1.0,0.0,0.0,2021-10-24,162.0,4,2021-10-22,9915.22,149483492.0,local_archive,local_archive,0.0034066282303702525,0.01759661220363533,0.008827473728110399,0.0002244685249476145,-0.014930899153080747,9666.717999999999,9720.343340951193,0.022218709597197517,0.016579317560714513,9659.955,9637.76110379477,0.022934371847487922,0.025289991480413443,9458.9485,9472.52617540443,0.044672142997712605,0.043174736814924675,0.01281761389639405,0.009290962768317736,0.010167729900379115,0.016097903134013526,1.1605115899955558e-05,0.012274113364246246,-0.30278168189867827,-0.35960575928240723,-0.2612419015685896,0.5245392692444468,-0.03444159907122625,2021-07-01,-4.62451503712715,6.15394508391738,84335574372.2997,2021-10-22,-0.0010731292246643565,0.0,0.8456399890625044,2021-11-01,0.12510030966168673,0.0,0.021639625404210803,0.044055016584415074,39.68,25.571428571428573,9.098881668592444,0.0,6.64,0.04956940984654623,0.0,0.0,0.0,0.0,0.0,0.0,0.0,4.999875004154858e-05,-0.0014488773736943397,0.0023291233709717574,268.0,0.0,0.0
2021-11-06,exact_day,1.0,Flood,Natural,Hydrological,0.0,missing_zero_filled,230004.0,26.0,1.0,,0.0,,,0.0,0.0,2021-0722-LKA,,0.0,12.345856326799476,0.0,1.0,0.0,0.0,2021-11-05,12.0,5,2021-11-05,10632.21,212049476.0,local_archive,local_archive,0.020927164917864536,0.013567393529174715,0.013682938728911834,-0.003036210668974778,-0.0008922959958058098,10223.326000000001,10245.163549792564,0.018457202675528528,0.016286362769759366,10123.409,10115.067469361076,0.02850926995046832,0.02935744438071275,9874.289,9892.654342716756,0.054457693105802285,0.052500131844353426,0.007974403820647957,0.0071575363931895165,0.007832811777308402,0.009074164655282962,0.00043794623149950016,0.010724226285417176,0.0058840327818245886,-0.2885974661948243,-0.10665953388318783,0.4847418837612447,0.4713341842309045,2021-07-01,-4.62451503712715,6.15394508391738,84335574372.2997,2021-11-05,0.003725850045284445,0.0,1.229721188632032,2021-11-15,0.967339798179103,3.0,0.011279972844843538,0.02749513324396014,54.18,42.691428571428574,8.060085666565893,1.0,7.42,0.22911873734599597,0.0,0.0,0.0,0.0,0.0,0.0,0.0,0.0,-0.003543713623365099,0.00344240413525592,256.0,0.0,0.0
2022-05-29,exact_day,1.0,Storm,Natural,Meteorological,0.0,missing_zero_filled,22338.0,1.0,1.0,,0.0,,,0.0,0.0,2022-0336-LKA,,0.0,10.014089308863923,0.0,0.0,0.0,1.0,2022-05-28,204.0,2,2022-05-27,8315.55,103239288.0,local_archive,local_archive,-0.00048451681217274046,-0.006061227419071723,-0.0027810223708657623,-0.009606451885028655,0.01116227623413808,8364.662,8331.174193702604,-0.005389578204116341,-0.0013916638198931963,8272.506,8241.68608656547,0.005690415939257232,0.009451210907134966,7895.271999999999,8294.61019031271,0.05374203700645164,0.0030103656608786444,0.014333111660875331,0.024664355916025917,0.036590617467401346,0.03659693700776173,2.3475654127803467e-07,0.017731970525708903,-0.04244332781830218,0.2962706281044307,0.28664070370189854,0.6501840236214379,0.3633189275068541,2021-07-01,-4.62451503712715,6.15394508391738,84335574372.2997,2022-05-27,0.024441130195822013,0.0,-5.336115838070321,2022-06-06,0.23338240973176383,47.0,-0.06354080883752942,-0.052697167857835785,30.6,17.13714285714286,11.633091756258256,0.0,11.27,-0.011816976374019017,0.0,0.0,0.0,0.0,0.0,0.0,0.0,-0.00019473384118399664,0.011753976308942218,0.014623678910160825,52.0,0.0,0.0
2022-08-01,exact_day,1.0,Flood,Natural,Hydrological,0.0,missing_zero_filled,82391.0,8.0,1.0,,0.0,,,0.0,0.0,2022-0490-LKA,,0.0,11.319243623805638,0.0,1.0,0.0,0.0,2022-07-31,64.0,3,2022-07-29,7731.15,65025509.0,local_archive,local_archive,0.006684951495098098,0.006918733781546834,-0.00045618824061455834,-0.0012115585462984244,-0.0018876779346057308,7659.539999999999,7651.456209171473,0.0026241784754699182,0.0036834545030453025,7639.469999999999,7605.915103870941,0.005258218174821083,0.009693100057288184,7451.7305,7561.68242168242,0.030584774905641154,0.015599382748387791,0.006270208093255269,0.008932245698770653,0.01255865926773975,0.01382412645031863,4.468857649181429e-05,0.008097462532647976,0.03929634963903306,-0.08535682375942932,0.10989339233710105,0.38202417489125445,0.03293251301468316,2022-07-01,4.2074764950026,7.01478071238195,88556699052.2008,2022-07-29,0.014107775781753557,0.0,8.08763913926634,2022-08-08,0.38335304674484894,0.0,0.08570487509450961,0.16150355869605162,58.59,38.019999999999996,19.50147259396924,3.0,14.8,2.3494669492282334,0.0,0.0,0.0,0.0,0.0,0.0,0.0,-0.013908430046132,0.005617992304223274,0.007566607961909024,-12.0,0.0,0.0
2022-09-02,exact_day,1.0,Flood,Natural,Hydrological,0.0,missing_zero_filled,5478.0,1.0,1.0,,0.0,,,0.0,0.0,2022-0785-LKA,,0.0,8.608677881538416,0.0,1.0,0.0,0.0,2022-09-01,32.0,4,2022-09-01,9254.81,151254708.0,local_archive,local_archive,0.020025628103412338,0.02296172849613956,0.015107797520997463,-0.00695204062562557,-0.02053513658343452,8858.132,8924.127726344228,0.02406692517113096,0.016493743497334457,8934.734,8886.867345965218,0.015287080734580183,0.02075564390173179,8791.586,8707.456217319288,0.03181837725297809,0.041787609790903124,0.017551208426883357,0.012745049384725387,0.015301634186454261,0.013200216011055145,0.00040102578093617803,0.01617337909822336,0.2397029301527729,-0.18234722169585837,0.01714334284143959,0.4719440480155426,0.5060138394637358,2022-07-01,4.2074764950026,7.01478071238195,88556699052.2008,2022-09-01,0.0029917522671948716,0.0,4.077815711956443,2022-09-09,0.3018054968880237,0.0,0.047416395597004064,0.08353209233157818,64.92,39.58571428571428,17.07498741545935,2.0,10.1,1.9113160418763702,0.0,0.0,0.0,0.0,0.0,0.0,0.0,0.0,0.002797204621061219,0.0060408188458200675,-44.0,0.0,0.0
2022-10-14,exact_day,1.0,Flood,Natural,Hydrological,0.0,missing_zero_filled,61469.0,3.0,1.0,,0.0,,,0.0,0.0,2022-0677-LKA,,0.0,11.026304529901054,0.0,1.0,0.0,0.0,2022-10-13,42.0,5,2022-10-13,9148.55,75771218.0,local_archive,local_archive,0.03280851448430774,0.012349371736506309,-0.03427420706762932,-0.014558376891038137,0.008833829270747372,9029.728,9024.56438466458,-0.01954189539264073,-0.01898090338362035,9387.697,9258.486727658716,-0.05692844581583745,-0.04376705822217952,9671.8065,9418.256498428324,-0.08463119066743119,-0.059988438255276444,0.019207345127312234,0.01974864791138693,0.01647206962747082,0.015899795880329467,0.0010763986226670305,0.02218875934355922,-0.555364351954377,-0.40974812214919465,-0.1641890655032765,0.35789041489183093,-0.3177152542590017,2022-07-01,4.2074764950026,7.01478071238195,88556699052.2008,2022-10-13,0.025634259307631132,0.0,-4.588830531150821,2022-10-21,-0.204214682540231,74.0,-0.05193812553880758,-0.06158206227031986,72.86,46.931428571428576,16.25670469741785,2.0,8.78,7.2606318692460565,0.0,0.0,0.0,0.0,0.0,0.0,0.0,-0.0027642653603591207,-0.004804913560439324,0.0069420145682233285,-86.0,0.0,0.0
2022-12-06,exact_day,1.0,Storm,Natural,Meteorological,0.0,missing_zero_filled,6500.0,2.0,1.0,,0.0,,100.0,0.0,1.0,2022-0798-LKA,Cyclone 'Mandous',0.0,8.77971129020447,0.0,0.0,0.0,1.0,2022-12-05,53.0,4,2022-12-05,8843.75,111291625.0,local_archive,local_archive,0.00840497570643187,0.007547456152784408,0.006057055617683591,0.03242535534297871,0.019672526516987043,8561.98,8576.817002684595,0.024264247288594554,0.022492376513923773,8293.742,8427.87656969374,0.0573912234067564,0.040562225547482234,8266.3345,8400.301560998125,0.06089706386790894,0.043977997256324564,0.011314328371966704,0.015297981552094445,0.017452395099853253,0.016100157826126504,7.06436166257099e-05,0.017073571857751275,0.9237050044154869,1.3233557156003126,0.48978587726885237,0.7743708941824238,-0.3368340362385329,2022-07-01,4.2074764950026,7.01478071238195,88556699052.2008,2022-12-05,-0.01805624963097222,0.0,-0.12066267912164208,2022-12-14,1.223726949362415,0.0,0.0030348248858565684,-0.04907028820616038,45.150000000000006,29.498571428571434,11.334792203023145,0.0,7.78,0.17435358349752894,0.0,0.0,0.0,0.0,0.0,0.0,0.0,-0.004420715885670985,-0.0032693684079549675,0.009327807647885029,-139.0,0.0,0.0
2023-04-24,exact_day,1.0,Storm,Natural,Meteorological,0.0,missing_zero_filled,910.0,,0.0,,0.0,,,0.0,0.0,2023-0256-LKA,,0.0,6.814542897259958,0.0,0.0,0.0,1.0,2023-04-23,139.0,5,2023-04-21,9260.41,382375354.0,local_archive,missing,-0.0020259343700406067,-0.001317135168752706,-0.005806760445470058,-0.00643899783447891,0.00038136779774039346,9347.464,9318.46230636481,-0.007304013152658273,-0.00421446211549148,9313.966,9328.449009437292,-0.003733747793367437,-0.005280514412144832,9355.353,9340.785578477036,-0.008141114504177316,-0.006594261045769434,0.003076046926950735,0.006612451730440392,0.007321033053549626,0.00844356414047103,4.10441007171183e-06,0.006370507022147538,0.9699862557124956,0.9699862557124956,0.9699862557124956,0.7757708978073424,0.0,2022-07-01,4.2074764950026,7.01478071238195,88556699052.2008,2023-04-21,0.0009027812573008861,0.0,-5.318160689633942,2023-05-02,0.8769058525538294,36.0,-0.06110892389726782,-0.04055471846319058,22.130000000000003,11.331428571428571,6.785237476982484,0.0,5.91,0.1111201485759219,0.0,0.0,0.0,0.0,0.0,0.0,0.0,0.0,-0.0024498269107299463,0.012185241701627597,-278.0,0.0,0.0
2023-07-04,exact_day,1.0,Storm,Natural,Meteorological,0.0,missing_zero_filled,6631.0,,0.0,,0.0,,,0.0,0.0,2023-0436-LKA,,0.0,8.79966169681513,0.0,0.0,0.0,1.0,2023-07-03,71.0,5,2023-06-28,9442.95,382375354.0,local_archive,missing,0.00787167056447735,-0.006950983597086407,0.010102521830845632,0.0033849436791516894,0.01472478681069818,9349.174,9340.911997780082,0.002110988628513999,0.002997352102939388,9283.095000000001,9254.388412804885,0.009244222966585891,0.012374841219832122,9036.842,9121.916836283586,0.03674602255965076,0.027076892735304003,0.008340900248166845,0.008492686567986513,0.008024410319978218,0.00873728227793678,6.196319747565915e-05,0.00877117911286324,0.0,0.0,0.0,0.0,0.0,2023-07-01,-7.34919311146656,49.7211021114327,74143020303.663,2023-07-03,0.0011699930926736418,0.0,2.0822657279084633,2023-07-11,,0.0,0.09009358116852834,0.1339137476782029,31.47,15.095714285714285,11.150436250274183,0.0,12.05,0.5259490103460647,0.0,0.0,0.0,0.0,0.0,0.0,0.0,-0.004435609503247983,-0.005118769633267527,0.008643308572345448,-349.0,0.0,0.0
2023-09-28,exact_day,1.0,Flood,Natural,Hydrological,0.0,missing_zero_filled,244504.0,,0.0,,0.0,,,0.0,0.0,2023-0654-LKA,,0.0,12.406991037585717,0.0,1.0,0.0,0.0,2023-09-27,86.0,4,2023-09-27,11335.61,,,,0.007744538408629746,0.002818651246982091,-0.0035616078573004503,0.004321491735095775,0.0022936736923530616,11240.698,11255.32625267753,0.0006638377794687678,-0.0006366987963433157,11325.287,11288.84705451497,-0.006810158541677658,-0.0036041815712879455,11323.302,11305.785440654667,-0.0066360501556878,-0.005096986932677017,0.0044554639942608765,0.006672351004980631,0.00779855242301488,0.008141433462704717,5.997787516274136e-05,0.006286494774896607,,,,,,2023-07-01,-7.34919311146656,49.7211021114327,74143020303.663,2023-09-27,0.00022928777229479233,0.0,-3.088475420023898,2023-10-09,,90.0,-0.046161034555161816,-0.05566631542190093,74.97,45.53857142857142,27.271205466921472,4.0,10.21,0.870715962441315,0.0,0.0,0.0,0.0,0.0,0.0,0.0,0.0007724990727922891,-0.000771902778581827,0.003250652867791869,359.0,0.0,0.0
2023-11-01,exact_day,1.0,Storm,Natural,Meteorological,0.0,missing_zero_filled,34800.0,8.0,1.0,,0.0,,,0.0,0.0,2023-0733-LKA,,0.0,10.457401400981889,0.0,0.0,0.0,1.0,2023-10-31,34.0,4,2023-10-31,10647.33,,,,-0.0038115246665854333,-0.00014127009321595243,0.014432666123333578,-0.007387937317848841,-0.012105631331034598,10651.938,10671.718061374344,0.003384548426774492,0.001524772162464716,10676.724,10702.24683961474,0.001055192585291076,-0.001332135188843453,10779.166,10800.139129191632,-0.008458539371227758,-0.0103840448581356,0.010923519765743274,0.011781646372530624,0.010241428308996737,0.00925722023010723,1.4527720283989198e-05,0.010791764687749767,,,,,,2023-07-01,-7.34919311146656,49.7211021114327,74143020303.663,2023-10-31,0.006454084821688244,0.0,1.5432906946602514,2023-11-08,,0.0,0.02693837963521015,0.00714242626686971,80.48,43.12428571428571,21.252272707597538,2.0,6.16,-0.07234778643509998,0.0,0.0,0.0,0.0,0.0,0.0,0.0,0.0015278841780531714,0.002537568049227176,0.0019247123940124209,325.0,0.0,0.0
2023-12-01,exact_day,1.0,Storm,Natural,Meteorological,0.0,missing_zero_filled,2003.0,1.0,1.0,,0.0,,,0.0,0.0,2023-0784-LKA,,0.0,7.602900462204755,0.0,0.0,0.0,1.0,2023-11-30,30.0,5,2023-11-30,10608.29,,,,0.008996550997411278,0.005824823890657944,-0.0026561912480363033,-0.004466148391279498,-0.00239484468480252,10498.994,10506.357699122407,0.001360701796762731,0.0006588678089811673,10537.213,10553.711903732812,-0.00227128368763152,-0.0038310600196042044,10687.9045,10631.40689538063,-0.0163385161235301,-0.011111125417648804,0.004021762665123133,0.004075448084678934,0.004926413482690241,0.007803557841546316,8.093792984902185e-05,0.00561220351400412,,,,,,2023-07-01,-7.34919311146656,49.7211021114327,74143020303.663,2023-11-30,0.003776931264994605,0.0,0.7914615111177525,2023-12-08,,0.0,0.020251139963851007,0.012190331263234743,95.71,52.239999999999995,23.899709203251824,3.0,9.46,0.17858026578169772,0.0,0.0,0.0,0.0,0.0,0.0,0.0,-0.0015243905390963889,-0.0015243905390963889,0.0023351849372832264,295.0,0.0,0.0
2024-01-01,exact_day,1.0,Flood,Natural,Hydrological,0.0,missing_zero_filled,175000.0,2.0,1.0,,0.0,,,0.0,0.0,2024-0008-LKA,,0.0,12.07254696717504,0.0,1.0,0.0,0.0,2023-12-31,31.0,5,2023-12-29,10654.16,,,,0.0007088945907754884,0.0030346724472925845,0.0005701455910442519,-0.0032572291742147385,-0.000987641370472879,10623.614,10638.892140951612,0.0021646117790048436,0.0007254382266628223,10681.197,10663.745308483143,-0.0032381202219189387,-0.0016068752569992073,10706.764,10682.9345791307,-0.00561831754206954,-0.003400243525001123,0.002812337607867955,0.003625678084612484,0.005318933947411671,0.005009292861943836,5.025315408307472e-07,0.004889556335101935,,,,,,2023-07-01,-7.34919311146656,49.7211021114327,74143020303.663,2023-12-29,-0.0028304770367338357,0.0,0.37461519680151883,2024-01-09,,0.0,0.006569228069557076,-0.016454075949952938,91.38,55.394285714285715,30.727097084464315,4.0,8.5,0.3265354318543483,0.0,0.0,0.0,0.0,0.0,0.0,0.0,0.0,-0.007231356998570131,0.0014713739124241206,264.0,0.0,0.0
2024-05-15,exact_day,1.0,Flood,Natural,Hydrological,0.0,missing_zero_filled,235902.0,40.0,1.0,,0.0,,,0.0,0.0,2024-0298-LKA,,0.0,12.371175982567976,0.0,1.0,0.0,0.0,2024-05-14,135.0,5,2024-05-14,12358.8,,,,-0.01129308211261498,-0.0015836518668831173,0.009798652561335528,0.0035013512282279073,-0.0007923607473112755,12428.884,12443.690976895155,0.005654248603494949,0.004457602105985892,12396.75,12358.732729097843,0.008261036158670576,0.011362594691568084,12161.5995,12174.537437575533,0.027756258541485446,0.026664057184016876,0.004949636846817073,0.004459770158410588,0.007139579352101217,0.00634594951183614,0.0001275337036022644,0.006335482273710502,,,,,,2023-07-01,-7.34919311146656,49.7211021114327,74143020303.663,2024-05-14,0.004826148527454041,0.0,0.46858947063090983,2024-05-22,,16.0,-0.0008062284005678137,-0.02062668749012142,58.42,37.41428571428571,14.725446068108154,2.0,5.84,2.4142433608780673,0.0,0.0,0.0,0.0,0.0,0.0,0.0,0.0016652793190612488,0.003667281989734273,0.0028917258025559327,129.0,0.0,0.0
2024-10-11,exact_day,1.0,Storm,Natural,Meteorological,0.0,missing_zero_filled,155761.0,3.0,1.0,,0.0,,,0.0,0.0,2024-0733-LKA,,0.0,11.956084480230723,0.0,0.0,0.0,1.0,2024-10-10,149.0,4,2024-10-10,12165.88,,,,-0.0009423565277750574,0.0005133797130633965,-0.0010544019791868119,0.009316123103214533,-0.00035534369400008563,12106.668,12102.750765254494,0.00583827028212891,0.006163824752937419,11976.963,11930.184376693622,0.01673103607316828,0.020717670029411384,11454.4155,11658.860897166292,0.06311404540895182,0.04447167758556314,0.006019691760161919,0.006209648839215214,0.009078381894503097,0.010581164555182432,8.880358254402625e-07,0.008340605076754118,,,,,,2024-07-01,-2.0289296690344,16.5411742279832,84080307355.5983,2024-10-10,-0.0020722685059824846,0.0,0.12022500347676729,2024-10-21,,0.0,0.011722199124559848,0.035859595798276696,87.06,39.25857142857143,21.514550447368894,1.0,10.18,3.142166015131183,0.0,0.0,0.0,0.0,0.0,0.0,0.0,-0.0006830601358475874,-0.0037510700419368394,0.003275968446878775,-20.0,0.0,0.0
2024-11-25,exact_day,1.0,Storm,Natural,Meteorological,0.0,missing_zero_filled,441392.0,17.0,1.0,,0.0,,60.0,0.0,1.0,2024-0881-LKA,Storm 'Fengal',0.0,12.997690914047396,0.0,0.0,0.0,1.0,2024-11-24,45.0,4,2024-11-22,13054.27,,,,0.0055437977596309775,-0.010074561224633561,0.000623213858416979,-0.00954048393958586,0.007611987418364774,13131.504,13066.540215398454,-0.011377523854084082,-0.006462323920982893,13019.306,13011.24880340954,-0.0028577560124940504,-0.00224027715171371,12849.880500000001,12828.507671178373,0.010289550941738224,0.0119727354699799,0.0075331089143473836,0.007146772074179955,0.006144909639039897,0.005452203423497527,3.073369359968945e-05,0.00827190611480775,,,,,,2024-07-01,-2.0289296690344,16.5411742279832,84080307355.5983,2024-11-22,0.0034619595915364653,0.0,2.875716955384307,2024-12-02,,3.0,0.014280578704304225,0.04964822696085698,116.2,58.12000000000001,28.60241598187118,3.0,11.19,1.302887547428889,0.0,0.0,0.0,0.0,0.0,0.0,0.0,0.0003437016703365417,-0.0031565249566997454,0.0008771877928294354,-11.0,0.0,0.0
2025-11-20,exact_day,1.0,Other,Natural,Hydrological,0.0,missing_zero_filled,3007.0,31.0,1.0,,0.0,,,0.0,0.0,2025-0994-LKA,,0.0,8.00903068506973,0.0,0.0,1.0,0.0,2025-11-19,360.0,1,2025-11-19,23029.86,,,,-0.001422791057874402,-0.006958021933298215,-0.009844731451630168,-0.00034189564842405397,0.003282684874432827,23372.186,23271.82771211531,-0.013243776170530186,-0.00898845224805489,23335.253999999997,23249.628480725372,-0.01168206697043006,-0.008042213701624612,23072.788,23027.065668875886,-0.00043939206653309526,0.0015453263405684758,0.00565195148842971,0.006892590454387663,0.005406433204979438,0.005023152871044721,2.0243343943673598e-06,0.007742768827037815,,,,,,2025-07-01,4.99241614398109,-0.42936004906973,99616111265.7633,2025-11-19,0.00374680773726533,0.0,-1.9353828737357497,2025-11-27,,0.0,-0.016098150430394437,-0.06398304896283619,70.84,45.502857142857145,20.56089063755566,3.0,7.47,0.38779307882805014,0.0,0.0,0.0,0.0,0.0,0.0,0.0,-0.00048752743307388797,0.01029336757690595,0.0021330187993390346,-198.0,0.0,0.0
2025-11-27,exact_day,1.0,Storm,Natural,Meteorological,4100000000.0,emdat_cpi_adjusted,1702737.0,823.0,1.0,,0.0,,65.0,0.0,1.0,2025-1000-LKA,Tropical storm 'Ditwah',22.134252810900577,14.347748101655446,0.0,0.0,0.0,1.0,2025-11-26,7.0,1,2025-11-26,22844.23,,,,0.0010651685238974927,0.007699622706206586,-0.014808851399678566,-0.005304683882951451,-0.001422791057874402,22916.466,22906.623196657165,-0.004213389621244401,-0.003785507619901818,23144.326,23016.736317429586,-0.014017085656328976,-0.008551443380812374,23098.2275,22976.619931617246,-0.01204930118555636,-0.006820408401394307,0.008616236082695735,0.006979443801780093,0.006567770095696787,0.005876656498344447,1.1345839843019635e-06,0.009221447240424462,,,,,,2025-07-01,4.99241614398109,-0.42936004906973,99616111265.7633,2025-11-26,0.006882969436149685,0.04115800092880271,-4.7884898532441715,2025-12-05,,23.0,-0.05588998321727313,-0.01480510911659601,286.79,202.73142857142855,68.6314382355908,7.0,14.16,5.260669091654285,0.0,0.0,0.0,0.0,0.0,0.0,0.0,0.0003248335256756996,0.0009748172989656247,0.0021540943732302397,-205.0,0.0,0.0
