name,is_feature,is_target,category,source,description
event_date,No,No,Identifier,EM-DAT,Date the disaster event started as recorded in EM-DAT
event_date_precision,No,No,Identifier,EM-DAT,Precision level of the event date recorded by EM-DAT (exact day vs month-level estimate)
date_is_exact,Yes,No,Other/Metadata,EM-DAT,Binary flag indicating whether EM-DAT records an exact (not estimated) event date; data-quality control since imprecise dates weaken all date-aligned features and targets
disaster_type,No,No,Identifier,EM-DAT,Raw disaster type string before one-hot encoding (Flood/Storm/Drought/etc.)
disaster_group,No,No,Identifier,EM-DAT,EM-DAT top-level disaster classification group (Natural/Technological)
disaster_subgroup,No,No,Identifier,EM-DAT,EM-DAT disaster subgroup classification (Meteorological/Hydrological/Climatological)
financial_damage,Yes,No,Disaster Severity,EM-DAT,Reported USD economic damage from EM-DAT; observed for only 18 of 74 events with non-random missingness favouring large/recent/international events
damage_source,No,No,Metadata,EM-DAT,Source or method used to determine the financial damage figure
financial_damage_observed,Yes,No,Availability Flag,EM-DAT,Missingness flag for financial_damage (1 = real value reported; 0 = zero-filled); separates unreported damage from genuinely zero damage
population_affected,Yes,No,Disaster Severity,EM-DAT,Total number of people reported affected by the disaster event in EM-DAT
total_deaths,Yes,No,Disaster Severity,EM-DAT,"Total deaths reported by EM-DAT (distinct from di_deaths_log, which comes from DesInventar)"
deaths_available,Yes,No,Availability Flag,EM-DAT,Missingness flag for total_deaths; prevents a zero from being confused with unreported
no_homeless,Yes,No,Disaster Severity,EM-DAT,Number of people left homeless as reported in EM-DAT
homeless_available,Yes,No,Availability Flag,EM-DAT,Missingness flag for no_homeless; prevents zero from being confused with unreported
mag_area_km2,Yes,No,Disaster Severity,EM-DAT,Reported disaster-affected area in square kilometres from EM-DAT
mag_wind_kph,Yes,No,Disaster Severity,EM-DAT,"Reported peak wind speed in km/h from EM-DAT (distinct from hz_wind_max3d, which is independently measured by NASA POWER)"
mag_area_available,Yes,No,Availability Flag,EM-DAT,Missingness flag for mag_area_km2
mag_wind_available,Yes,No,Availability Flag,EM-DAT,Missingness flag for mag_wind_kph
dis_no,No,No,Identifier,EM-DAT,EM-DAT unique disaster identification number
event_name,No,No,Identifier,EM-DAT,Name of the disaster event as recorded in EM-DAT
log_financial_damage,Yes,No,Disaster Severity,EM-DAT (derived),log1p(financial_damage); compresses multi-order-of-magnitude range of damage figures for modelling
log_population_affected,Yes,No,Disaster Severity,EM-DAT (derived),log1p(population_affected); compresses range of affected-population figures for modelling
disaster_Drought,Yes,No,Disaster Type,EM-DAT (derived),One-hot encoded flag: disaster type is Drought; disaster-type fixed effect for market transmission
disaster_Flood,Yes,No,Disaster Type,EM-DAT (derived),One-hot encoded flag: disaster type is Flood; most common event type in sample
disaster_Other,Yes,No,Disaster Type,EM-DAT (derived),"One-hot encoded flag: disaster type pooled into Other (types with fewer than 3 events, to prevent memorisation)"
disaster_Storm,Yes,No,Disaster Type,EM-DAT (derived),One-hot encoded flag: disaster type is Storm
asof_date,No,No,Date Key,Internal,Prediction origin date — the point-in-time from which all causal/pre-event features are computed
days_since_last_disaster,Yes,No,Recency,Internal (derived),Days elapsed since the previous qualifying disaster event; captures disaster fatigue or compounding-shock effects
disasters_trailing_365d,Yes,No,Recency,Internal (derived),Count of qualifying disasters in the trailing 365 days; distinguishes high-frequency-disaster regime from isolated event
date,No,No,Date Key,Internal,Trading date matched to the event (the ASPI trading day on or just after event_date)
aspi_close,No,No,Raw Market Data,CSE,ASPI closing price on the matched trading day; non-stationary so not used as a feature directly
trading_volume,No,No,Raw Market Data,CSE,Raw daily trading volume on the matched trading day
price_source,No,No,Provenance,Internal,Data source identifier for the ASPI price record
volume_source,No,No,Provenance,Internal,Data source identifier for the volume record
log_return,Yes,No,Returns/Momentum,Internal,Day-0 ASPI log return (continuously compounded); base signal from which lagged returns and ratios derive
lag_return_t-1,Yes,No,Returns/Momentum,Internal,"1-day-lagged log return, strictly pre-event (shift applied before any rolling calculation); short-horizon momentum/reversal signal"
lag_return_t-2,Yes,No,Returns/Momentum,Internal,2-day-lagged log return; extends short-horizon momentum/reversal context
lag_return_t-3,Yes,No,Returns/Momentum,Internal,3-day-lagged log return; extends short-horizon momentum/reversal context
lag_return_t-5,Yes,No,Returns/Momentum,Internal,5-day-lagged log return; captures whether the pre-event week was trending up or down
sma_5,No,No,Raw Market Data,Internal,5-day simple moving average of ASPI close; non-stationary raw level not used as feature (price_to_sma_5 used instead)
ema_5,No,No,Raw Market Data,Internal,5-day exponential moving average of ASPI close; non-stationary raw level not used as feature
price_to_sma_5,Yes,No,Returns/Momentum,Internal,ASPI close divided by 5-day SMA; stationary momentum/deviation-from-trend signal
price_to_ema_5,Yes,No,Returns/Momentum,Internal,ASPI close divided by 5-day EMA; momentum signal that reacts faster to recent days than SMA version
sma_10,No,No,Raw Market Data,Internal,10-day simple moving average of ASPI close; raw level not used as feature
ema_10,No,No,Raw Market Data,Internal,10-day exponential moving average of ASPI close; raw level not used as feature
price_to_sma_10,Yes,No,Returns/Momentum,Internal,ASPI close divided by 10-day SMA; medium-horizon momentum/deviation-from-trend signal
price_to_ema_10,Yes,No,Returns/Momentum,Internal,ASPI close divided by 10-day EMA; medium-horizon momentum signal
sma_20,No,No,Raw Market Data,Internal,20-day simple moving average of ASPI close; raw level not used as feature
ema_20,No,No,Raw Market Data,Internal,20-day exponential moving average of ASPI close; raw level not used as feature
price_to_sma_20,Yes,No,Returns/Momentum,Internal,ASPI close divided by 20-day SMA; longer-horizon trend-deviation signal (roughly one trading month)
price_to_ema_20,Yes,No,Returns/Momentum,Internal,ASPI close divided by 20-day EMA; longer-horizon trend signal
rolling_std_5,Yes,No,Volatility,Internal,"5-day realized (backward-looking) return volatility, shift(1)-guarded; short-horizon market turbulence proxy"
rolling_std_10,Yes,No,Volatility,Internal,10-day realized return volatility; medium-horizon turbulence proxy
rolling_std_20,Yes,No,Volatility,Internal,20-day realized return volatility; longer-horizon turbulence proxy (~1 trading month)
rolling_std_30,Yes,No,Volatility,Internal,30-day realized return volatility; mirrors the 30-day baseline window used to build Y2 (abnormal volume); panic proxy
squared_return,Yes,No,Volatility,Internal,"Squared same-day log return; cheap, well-known realized-variance proxy complementary to rolling-std features (ARCH family)"
garch_cond_vol,Yes,No,Volatility,Internal,"One-step-ahead GARCH(1,1) conditional-volatility forecast (annual-refit, causal by construction); forward-looking signal distinct from backward-looking rolling_std"
vol_ratio_1_30,Yes,No,Volume,Internal,"Day-0 trading volume divided by its own 30-day pre-event baseline; direct 'is trading unusually heavy today' signal"
vol_ratio_5_30,Yes,No,Volume,Internal,5-day average volume divided by 30-day baseline; smooths day-0 noise to capture sustained volume shift
vol_ratio_10_30,Yes,No,Volume,Internal,10-day average volume divided by 30-day baseline; longer-horizon volume-regime signal
vol_cv_30,Yes,No,Volume,Internal,"Coefficient of variation of trading volume over trailing 30 days; captures erratic vs steady trading activity, independent of level"
log_vol_change_1,Yes,No,Volume,Internal,Log change in trading volume over 1 day; short-horizon volume-momentum signal
date_macro,No,No,Date Key,Internal,Date key used to join annual macroeconomic indicators to daily event records
gdp_growth_pct,Yes,No,Macro/Global,World Bank,Sri Lanka annual GDP growth percentage; controls for whether disaster hit during expansion or contraction
inflation_cpi_pct,Yes,No,Macro/Global,World Bank,Sri Lanka annual CPI inflation percentage; controls for macro/economic-crisis conditions independent of the disaster
gdp_current_usd,No,No,Metadata,World Bank,Sri Lanka GDP in current USD; used to compute damage_to_gdp ratio but not a feature itself
date_gspc,No,No,Date Key,Internal,Date key used to join S&P 500 returns to event records
sp500_log_return,Yes,No,Macro/Global,Market Data (S&P 500),S&P 500 day-of log return; global-market-stress proxy distinguishing local disaster reaction from worldwide selloff
damage_to_gdp,Yes,No,Disaster Severity,EM-DAT + World Bank,"Financial damage normalised by national GDP; sizes disaster relative to the economy, removing currency-inflation and economy-growth effects"
prediction_origin_session,No,No,Provenance,Internal,Identifier for which pipeline session built this row; reproducibility tracking
P0,No,No,Target Support,Internal,Day-0 ASPI return on event date; immediate market reaction before forward-looking target windows begin
Y1_ASPI_5D_Forward_LogReturn_Pct,No,Yes,Target (Y1),Internal,PRIMARY Y1 TARGET: 5-trading-day forward ASPI log return in percentage points starting from event date
Y1_horizon_end_date,No,No,Target Support,Internal,Calendar date marking the end of the 5-day Y1 forward window
Y2_5D_Forward_AbnormalVolume_LogRatio,No,Yes,Target (Y2),Internal,"PRIMARY Y2 TARGET: log ratio of 5-day forward average volume to 30-day pre-event baseline volume; measures abnormal trading activity post-disaster"
Y2_horizon_end_date,No,No,Target Support,Internal,Calendar date marking the end of the 5-day Y2 forward window
Y2_V_base,No,No,Target Support,Internal,30-day pre-event baseline average trading volume used as denominator in Y2 computation
Y2_V_future5,No,No,Target Support,Internal,5-day post-event average trading volume used as numerator in Y2 computation
Y3_ASPI_Recovery_Time,No,Yes,Target (Y3),Internal,Y3 TARGET: number of trading days until ASPI recovers to pre-event level after a drawdown; survival/time-to-event outcome
Y3_event_observed,No,No,Target Support,Internal,Binary flag indicating whether the recovery event was actually observed (1) or right-censored (0) during the observation window
Y3_censored,No,No,Target Support,Internal,Binary flag indicating whether the Y3 observation was right-censored (observation window ended before recovery)
Y3_censor_reason,No,No,Target Support,Internal,"Text reason for right-censoring (e.g., end of observation window, next disaster intervened)"
Y3_drawdown_occurred,No,No,Target Support,Internal,Binary flag indicating whether any drawdown occurred at all after the disaster event; if no drawdown then recovery time is trivially zero
Y3_label_end_date,No,No,Target Support,Internal,Calendar date marking the end of the Y3 observation window
Y1_ASPI_1D_Forward_LogReturn_Pct,No,Yes,Target (Y1 Alternate),Internal,Y1 at 1-day horizon: 1-trading-day forward ASPI log return in percentage points
Y1_1D_horizon_end_date,No,No,Target Support,Internal,End date for the 1-day Y1 horizon
Y1_ASPI_10D_Forward_LogReturn_Pct,No,Yes,Target (Y1 Alternate),Internal,Y1 at 10-day horizon: 10-trading-day forward ASPI log return in percentage points
Y1_10D_horizon_end_date,No,No,Target Support,Internal,End date for the 10-day Y1 horizon
Y1_ASPI_15D_Forward_LogReturn_Pct,No,Yes,Target (Y1 Alternate),Internal,Y1 at 15-day horizon: 15-trading-day forward ASPI log return in percentage points
Y1_15D_horizon_end_date,No,No,Target Support,Internal,End date for the 15-day Y1 horizon
Y1_ASPI_20D_Forward_LogReturn_Pct,No,Yes,Target (Y1 Alternate),Internal,Y1 at 20-day horizon: 20-trading-day forward ASPI log return in percentage points
Y1_20D_horizon_end_date,No,No,Target Support,Internal,End date for the 20-day Y1 horizon
Y2_1D_Forward_AbnormalVolume_LogRatio,No,Yes,Target (Y2 Alternate),Internal,Y2 at 1-day horizon: log ratio of 1-day forward volume to 30-day baseline
Y2_1D_horizon_end_date,No,No,Target Support,Internal,End date for the 1-day Y2 horizon
Y2_10D_Forward_AbnormalVolume_LogRatio,No,Yes,Target (Y2 Alternate),Internal,Y2 at 10-day horizon: log ratio of 10-day forward average volume to 30-day baseline
Y2_10D_horizon_end_date,No,No,Target Support,Internal,End date for the 10-day Y2 horizon
Y2_20D_Forward_AbnormalVolume_LogRatio,No,Yes,Target (Y2 Alternate),Internal,Y2 at 20-day horizon: log ratio of 20-day forward average volume to 30-day baseline
Y2_20D_horizon_end_date,No,No,Target Support,Internal,End date for the 20-day Y2 horizon
Y2_5D_Forward_AbnormalVolume_Pct,No,Yes,Target (Y2 Variant),Internal,Y2 expressed as percentage change rather than log ratio: (V_future5 / V_base - 1) * 100
Y2_5D_Forward_AbnormalVolume_LogRatio_Winsorised,No,Yes,Target (Y2 Variant),Internal,Y2 primary target with extreme values winsorised to reduce outlier influence on regression models
Y1_ASPI_1D_Forward_AbnormalReturn_Pct,No,Yes,Target (Y1 Abnormal),Internal,Market-model-adjusted abnormal return at 1-day horizon: actual return minus expected return from market model (alpha + beta * S&P500)
Y1_1D_abnormal_horizon_end_date,No,No,Target Support,Internal,End date for 1-day abnormal return horizon
Y1_ASPI_5D_Forward_AbnormalReturn_Pct,No,Yes,Target (Y1 Abnormal),Internal,Market-model-adjusted abnormal return at 5-day horizon
Y1_5D_abnormal_horizon_end_date,No,No,Target Support,Internal,End date for 5-day abnormal return horizon
Y1_ASPI_10D_Forward_AbnormalReturn_Pct,No,Yes,Target (Y1 Abnormal),Internal,Market-model-adjusted abnormal return at 10-day horizon
Y1_10D_abnormal_horizon_end_date,No,No,Target Support,Internal,End date for 10-day abnormal return horizon
Y1_ASPI_15D_Forward_AbnormalReturn_Pct,No,Yes,Target (Y1 Abnormal),Internal,Market-model-adjusted abnormal return at 15-day horizon
Y1_15D_abnormal_horizon_end_date,No,No,Target Support,Internal,End date for 15-day abnormal return horizon
Y1_ASPI_20D_Forward_AbnormalReturn_Pct,No,Yes,Target (Y1 Abnormal),Internal,Market-model-adjusted abnormal return at 20-day horizon
Y1_20D_abnormal_horizon_end_date,No,No,Target Support,Internal,End date for 20-day abnormal return horizon
market_model_alpha,No,No,Target Support,Internal,"Intercept (alpha) from the market model regression (ASPI ~ S&P500) estimated on pre-event data; used to compute abnormal returns"
market_model_beta,No,No,Target Support,Internal,"Slope (beta) from the market model regression; measures ASPI's sensitivity to global market movements"
market_model_n,No,No,Target Support,Internal,Number of observations used in the market model estimation window
hz_precip_max3d,Yes,No,Hazard (Measured),NASA POWER,"Maximum 3-day rainfall accumulation across 7 Sri Lanka district monitoring points; uses max (not mean) because flooding is localised and island average dilutes signal"
hz_precip_mean3d,Yes,No,Hazard (Measured),NASA POWER,"Mean 3-day rainfall accumulation across districts; island-wide intensity matching the index-level (not sector-level) target"
hz_precip_spread3d,Yes,No,Hazard (Measured),NASA POWER,Standard deviation of 3-day rainfall across districts; distinguishes one severely-hit district from uniform island-wide rain at equal mean intensity
hz_districts_wet,Yes,No,Hazard (Measured),NASA POWER,"Count of districts exceeding 50mm/3-day rainfall; threshold from Sri Lanka Department of Meteorology's published heavy-rain advisory standard"
hz_wind_max3d,Yes,No,Hazard (Measured),NASA POWER,"Maximum 3-day 10-metre wind speed across districts; storm-intensity analogue for Storm-type events where wind is the damaging mechanism"
hz_precip_anom,Yes,No,Hazard (Measured),NASA POWER,"3-day rainfall anomaly vs location's own trailing-30-day baseline (ends t-3 to avoid overlap); structural parallel to Y2's own V/V_bar construction"
di_districts_hit,Yes,No,Physical Severity,DesInventar/UNDRR,"Distinct districts with at least one disaster record in a [-7,+14]-day window around the event; geographic breadth of shock"
di_affected_log,Yes,No,Physical Severity,DesInventar/UNDRR,log1p(total people affected) in the matched DesInventar window; headcount severity proxy where monetary damage is unavailable
di_houses_destroyed_log,Yes,No,Physical Severity,DesInventar/UNDRR,log1p(total houses destroyed); closest available physical proxy to the missing monetary damage figure (capital destruction)
di_houses_damaged_log,Yes,No,Physical Severity,DesInventar/UNDRR,"log1p(total houses damaged, partial loss); partial-loss counterpart to houses_destroyed"
di_deaths_log,Yes,No,Physical Severity,DesInventar/UNDRR,log1p(total deaths) in the matched DesInventar window; the most consistently recorded DesInventar severity field
di_records,Yes,No,Physical Severity,DesInventar/UNDRR,"Count of DesInventar records in the matched window; explicitly a REPORTING-INTENSITY measure, not a severity one"
di_available,Yes,No,Availability Flag,DesInventar/UNDRR,"Binary flag: 1 if event matched any DesInventar record, 0 otherwise (coverage ends 2020-12-20); missingness indicator so zero in other di_* columns can be distinguished between confirmed-no-damage and outside-coverage"
fx_logret_1,Yes,No,Macro/Global,"FRED (DEXSLUS)","1-day USD/LKR log return computed strictly at/before t-1; daily-resolution currency-crisis proxy replacing indefensible annual macro match"
fx_logret_5,Yes,No,Macro/Global,"FRED (DEXSLUS)",5-day USD/LKR log return; slightly longer FX-instability window than 1-day version
fx_vol_30,Yes,No,Macro/Global,"FRED (DEXSLUS)",30-day USD/LKR return volatility; broader currency-instability regime indicator
days_to_election,Yes,No,Confounder,Wikidata,"Signed days to nearest Sri Lanka national election; controls for known contamination case (2005-11-17 election 4 days before 2005-11-21 event with largest Y1 drop)"
election_within_5d,Yes,No,Confounder,Wikidata,"Binary flag: 1 if absolute value of days_to_election is 5 or fewer; matches the event-window contamination screen"
log_damage_x_flood,Yes,No,Disaster Severity,EM-DAT (derived),Interaction term: log_financial_damage multiplied by the Flood disaster-type flag; tests whether damage-return relationship is flood-specific
volume_features_available,Yes,No,Availability Flag,Internal,"Binary flag indicating whether trailing volume block could be computed; volume absent for part of early archive, marks imputed vs observed rows"
garch_cond_vol_available,Yes,No,Availability Flag,Internal,"Binary flag indicating whether GARCH conditional volatility forecast existed; first 250 trading days lack sufficient history, missing by construction"
macro_available,Yes,No,Availability Flag,World Bank,Binary flag indicating whether publication-lagged annual macro controls existed for this event year; marks events with imputed macro values
